ticker,region,currency,exchange,corr_lag0_us,corr_stock_t_vs_us_tm1,corr_stock_t_vs_us_tp1,beta0_us,beta_lag1_us,beta_lead1_us,dimson_beta,dimson_ratio,corr_lag0_all
AAPL,US,USD,US,0.6678,-0.0842,-0.0883,1.0577,-0.1334,-0.1399,0.7845,0.7417,0.6471
MSFT,US,USD,US,0.7081,-0.0985,-0.0824,1.0732,-0.1493,-0.1249,0.799,0.7445,0.6858
GOOGL,US,USD,US,0.6521,-0.0645,-0.0683,1.0443,-0.1033,-0.1094,0.8316,0.7963,0.6372
AMZN,US,USD,US,0.5927,-0.0593,-0.0477,1.0989,-0.1099,-0.0884,0.9006,0.8195,0.5711
META,US,USD,US,0.5799,-0.0553,-0.0546,1.2247,-0.1167,-0.1154,0.9926,0.8105,0.5626
NVDA,US,USD,US,0.6574,-0.1005,-0.0509,1.7266,-0.2639,-0.1337,1.329,0.7697,0.6348
TSLA,US,USD,US,0.5075,-0.0117,-0.0634,1.6085,-0.0371,-0.201,1.3704,0.852,0.4935
PLTR,US,USD,US,0.3533,0.0101,0.0183,0.9671,0.0276,0.0502,1.0449,1.0804,0.3266
AVGO,US,USD,US,0.6617,-0.0889,-0.0494,1.4467,-0.1944,-0.1081,1.1442,0.7909,0.6449
MU,US,USD,US,0.6147,-0.07,-0.0371,1.7476,-0.1989,-0.1055,1.4431,0.8258,0.6093
GEV,US,USD,US,0.2411,-0.0237,-0.0121,0.3169,-0.0312,-0.016,0.2698,0.8513,0.2261
VRT,US,USD,US,0.499,-0.0058,-0.0318,1.2371,-0.0145,-0.0788,1.1439,0.9246,0.4872
BE,US,USD,US,0.4044,-0.0141,-0.0067,1.7884,-0.0623,-0.0297,1.6964,0.9486,0.3953
LITE,US,USD,US,0.4776,-0.0542,-0.0372,1.4397,-0.1635,-0.112,1.1642,0.8086,0.4622
000660,ASIA,KRW,KS,0.134,0.1819,0.0069,0.3304,0.4486,0.0171,0.7961,2.4096,0.2013
005930,ASIA,KRW,KS,0.1277,0.1884,0.0135,0.2328,0.3433,0.0245,0.6006,2.58,0.1943
UNH,US,USD,US,0.4388,-0.0383,-0.0652,0.7054,-0.0616,-0.1047,0.539,0.7641,0.4363
LLY,US,USD,US,0.3703,-0.0401,-0.0738,0.603,-0.0654,-0.1201,0.4175,0.6924,0.364
ISRG,US,USD,US,0.646,-0.0299,-0.0822,1.1671,-0.0541,-0.1485,0.9645,0.8264,0.6304
ABBV,US,USD,US,0.405,-0.0089,-0.0651,0.6013,-0.0132,-0.0967,0.4914,0.8172,0.3972
REGN,US,USD,US,0.3802,-0.0803,-0.0352,0.7062,-0.1491,-0.0654,0.4918,0.6963,0.3642
JPM,US,USD,US,0.7025,-0.0505,-0.0721,1.0369,-0.0745,-0.1064,0.856,0.8255,0.7168
V,US,USD,US,0.7209,-0.0687,-0.0887,0.9701,-0.0924,-0.1193,0.7583,0.7817,0.719
MA,US,USD,US,0.7334,-0.0621,-0.0692,1.0734,-0.0909,-0.1013,0.8812,0.821,0.7312
BLK,US,USD,US,0.7878,-0.0634,-0.0675,1.1853,-0.0954,-0.1016,0.9883,0.8338,0.7869
SPGI,US,USD,US,0.7003,-0.0631,-0.0835,1.0027,-0.0904,-0.1196,0.7927,0.7906,0.6947
GS,US,USD,US,0.7351,-0.0456,-0.0459,1.1808,-0.0732,-0.0738,1.0338,0.8755,0.7451
COST,US,USD,US,0.516,-0.0629,-0.0487,0.6097,-0.0743,-0.0576,0.4778,0.7836,0.491
HD,US,USD,US,0.6684,-0.0638,-0.0521,0.8953,-0.0855,-0.0698,0.74,0.8266,0.6572
PG,US,USD,US,0.407,-0.077,-0.0657,0.4156,-0.0787,-0.0671,0.2698,0.6492,0.3975
MCD,US,USD,US,0.5164,-0.0515,-0.0764,0.5711,-0.057,-0.0844,0.4296,0.7523,0.5197
WMT,US,USD,US,0.3634,-0.0535,-0.046,0.4354,-0.0642,-0.0551,0.3161,0.7261,0.3463
CAT,US,USD,US,0.6335,-0.0397,-0.0504,1.0694,-0.067,-0.085,0.9174,0.8579,0.6407
HON,US,USD,US,0.7072,-0.0415,-0.0601,0.9071,-0.0532,-0.0771,0.7767,0.8563,0.7085
DE,US,USD,US,0.5714,-0.0451,-0.0509,0.9255,-0.0731,-0.0824,0.77,0.832,0.5732
UNP,US,USD,US,0.6224,-0.0504,-0.0569,0.8682,-0.0703,-0.0794,0.7185,0.8276,0.623
LMT,US,USD,US,0.4025,-0.0068,-0.0553,0.5147,-0.0087,-0.0708,0.4353,0.8456,0.4041
ETN,US,USD,US,0.7193,-0.0487,-0.067,1.1847,-0.0802,-0.1104,0.9941,0.8391,0.7196
XOM,US,USD,US,0.4937,-0.0512,-0.0475,0.7415,-0.077,-0.0714,0.5932,0.8,0.4995
LNG,US,USD,US,0.4317,-0.0375,-0.0557,0.8289,-0.072,-0.1069,0.65,0.7841,0.4313
FCX,US,USD,US,0.5701,-0.0259,-0.0335,1.6752,-0.0762,-0.0984,1.5006,0.8958,0.5744
LIN,US,USD,US,0.6673,-0.0476,-0.0645,0.8173,-0.0583,-0.079,0.68,0.8321,0.6734
NEE,US,USD,US,0.4297,-0.0257,-0.0725,0.577,-0.0345,-0.0973,0.4452,0.7715,0.4195
AMT,US,USD,US,0.4525,-0.0493,-0.0836,0.634,-0.069,-0.1171,0.4478,0.7064,0.4398
EQIX,US,USD,US,0.5446,-0.0548,-0.0557,0.8076,-0.0813,-0.0827,0.6436,0.797,0.5267
TMUS,US,USD,US,0.4422,-0.0686,-0.0526,0.6699,-0.1039,-0.0797,0.4863,0.7259,0.4346
PLD,US,USD,US,0.6267,-0.0522,-0.034,0.8997,-0.075,-0.0488,0.7759,0.8624,0.6149
AMD,US,USD,US,0.5363,-0.0489,-0.0249,1.7599,-0.1605,-0.0819,1.5176,0.8623,0.5206
CRM,US,USD,US,0.608,-0.0538,-0.0564,1.2228,-0.1082,-0.1134,1.0012,0.8188,0.5885
NFLX,US,USD,US,0.4594,-0.037,-0.0372,1.0953,-0.0883,-0.0886,0.9184,0.8385,0.4385
TER,US,USD,US,0.6577,-0.0748,-0.0582,1.6104,-0.183,-0.1425,1.2848,0.7978,0.647
GLW,US,USD,US,0.6284,-0.0551,-0.0702,1.207,-0.1058,-0.1348,0.9664,0.8006,0.6297
JNJ,US,USD,US,0.4052,-0.073,-0.0799,0.4106,-0.0739,-0.081,0.2557,0.6228,0.4009
WFC,US,USD,US,0.641,-0.0449,-0.0642,1.0781,-0.0756,-0.1079,0.8946,0.8298,0.6524
MPC,US,USD,US,0.533,-0.0048,-0.0551,1.173,-0.0105,-0.1213,1.0412,0.8876,0.5446
LRCX,US,USD,US,0.7157,-0.0924,-0.0427,1.734,-0.2237,-0.1033,1.407,0.8114,0.7053
AMAT,US,USD,US,0.7104,-0.107,-0.0421,1.6558,-0.2493,-0.098,1.3085,0.7902,0.6981
PANW,US,USD,US,0.5154,-0.0405,-0.0318,1.1426,-0.0899,-0.0706,0.9822,0.8596,0.4988
FN,US,USD,US,0.4987,-0.0548,-0.0291,1.3237,-0.1454,-0.0772,1.1011,0.8319,0.4875
MPWR,US,USD,US,0.7145,-0.1472,-0.053,1.7869,-0.3681,-0.1326,1.2861,0.7198,0.6895
BAC,US,USD,US,0.6899,-0.041,-0.0663,1.1496,-0.0683,-0.1104,0.9709,0.8445,0.7035
CSCO,US,USD,US,0.6477,-0.0757,-0.0813,0.9192,-0.1074,-0.1154,0.6964,0.7576,0.6373
INTC,US,USD,US,0.5557,-0.0838,-0.048,1.304,-0.1966,-0.1127,0.9947,0.7628,0.5455
ORCL,US,USD,US,0.5381,-0.0675,-0.0379,1.0058,-0.1262,-0.0708,0.8087,0.804,0.5254
TSM,US,USD,US,0.6282,-0.1016,-0.0483,1.1567,-0.1871,-0.0889,0.8807,0.7614,0.6251
SNDK,US,USD,US,0.1708,-0.0165,0.0032,0.3609,-0.0349,0.0067,0.3328,0.922,0.1677
KLAC,US,USD,US,0.7029,-0.1164,-0.0453,1.5858,-0.2626,-0.1021,1.2211,0.77,0.687
ANET,US,USD,US,0.5345,-0.0322,-0.0222,1.3679,-0.0823,-0.0568,1.2288,0.8983,0.5217
MRVL,US,USD,US,0.6132,-0.0731,-0.0374,1.7234,-0.2054,-0.1051,1.413,0.8199,0.5948
CDNS,US,USD,US,0.6965,-0.0949,-0.0611,1.2584,-0.1714,-0.1103,0.9766,0.7761,0.6728
STX,US,USD,US,0.5242,-0.0253,-0.0272,1.2637,-0.0609,-0.0655,1.1373,0.9,0.5208
PWR,US,USD,US,0.6045,-0.0344,-0.0139,1.1647,-0.0662,-0.0269,1.0716,0.9201,0.5992
BX,US,USD,US,0.7318,-0.0157,-0.0474,1.4236,-0.0306,-0.0923,1.3007,0.9136,0.7282
TMO,US,USD,US,0.5965,-0.0566,-0.0726,0.8509,-0.0808,-0.1036,0.6665,0.7833,0.5812
BSX,US,USD,US,0.5708,-0.0144,-0.0622,0.8763,-0.0221,-0.0955,0.7587,0.8658,0.5685
BKNG,US,USD,US,0.6242,-0.0306,-0.0268,1.1185,-0.0548,-0.048,1.0158,0.9081,0.6302
PM,US,USD,US,0.4004,-0.047,-0.0643,0.521,-0.0611,-0.0837,0.3762,0.7221,0.4
WMB,US,USD,US,0.4606,-0.0306,-0.0481,0.9972,-0.0664,-0.104,0.8268,0.8291,0.4655
CEG,US,USD,US,0.2886,-0.021,0.0118,0.4779,-0.0348,0.0196,0.4627,0.9682,0.2712
VST,US,USD,US,0.4491,-0.0252,-0.0365,0.9405,-0.0527,-0.0763,0.8114,0.8628,0.4417
DLR,US,USD,US,0.4942,-0.0469,-0.0536,0.7464,-0.0709,-0.081,0.5945,0.7966,0.4746
ARM,US,USD,US,0.245,0.0,0.0017,0.5188,0.0,0.0037,0.5225,1.0072,0.2364
SPOT,US,USD,US,0.437,-0.022,-0.0319,0.9434,-0.0475,-0.0689,0.827,0.8766,0.4171
RACE,US,USD,US,0.5707,-0.0689,-0.0547,0.9035,-0.1091,-0.0865,0.7079,0.7835,0.5767
285A,ASIA,JPY,JP,0.0217,0.0617,0.046,0.0458,0.1304,0.0972,0.2734,5.971,0.063
6857,ASIA,JPY,JP,0.1451,0.248,0.0325,0.3816,0.6523,0.0856,1.1195,2.9337,0.2236
SU,EUROPE,EUR,FP,0.4715,0.115,-0.0523,0.7353,0.1793,-0.0815,0.833,1.133,0.5626
SIE,EUROPE,EUR,GR,0.6327,-0.0476,-0.0508,0.9362,-0.0705,-0.0751,0.7906,0.8444,0.6863
RHM,EUROPE,EUR,GR,0.3277,0.0332,0.0075,0.7101,0.0719,0.0162,0.7982,1.1241,0.3712
ALV,EUROPE,EUR,GR,0.5809,-0.0433,-0.0602,0.7078,-0.0527,-0.0733,0.5817,0.8219,0.645
MC,EUROPE,EUR,FP,0.4162,0.0661,-0.0075,0.6512,0.1034,-0.0117,0.743,1.1409,0.5018
NESN,EUROPE,CHF,SW,0.1939,0.0566,-0.0408,0.1823,0.0532,-0.0383,0.1972,1.0817,0.2582
RR/,EUROPE,GBP,LN,0.275,0.1139,-0.0078,0.7071,0.2929,-0.0201,0.9799,1.3858,0.342
SAP,EUROPE,EUR,GR,0.5603,-0.0544,-0.0488,0.8222,-0.0799,-0.0716,0.6707,0.8157,0.585
ASML,EUROPE,EUR,NA,0.45,0.0941,-0.0059,0.8588,0.1796,-0.0112,1.0273,1.1961,0.5212
AZN,EUROPE,GBP,LN,0.14,0.0544,-0.0355,0.1942,0.0755,-0.0492,0.2205,1.1353,0.1933
SHEL,EUROPE,GBP,LN,0.307,0.0459,-0.013,0.4784,0.0715,-0.0202,0.5297,1.1072,0.3718
HSBA,EUROPE,GBP,LN,0.3241,0.0218,-0.0313,0.4393,0.0296,-0.0424,0.4265,0.9708,0.4051
NOVOB,EUROPE,DKK,DC,0.1435,0.1059,-0.016,0.2537,0.1872,-0.0283,0.4125,1.6262,0.1912
RIO,EUROPE,GBP,LN,0.325,0.0518,-0.0187,0.5428,0.0864,-0.0312,0.598,1.1017,0.383
QCOM,US,USD,US,0.6296,-0.0894,-0.0759,1.3218,-0.1877,-0.1593,0.9749,0.7375,0.6146
TXN,US,USD,US,0.7047,-0.1168,-0.0806,1.193,-0.1977,-0.1365,0.8588,0.7199,0.686
ADBE,US,USD,US,0.633,-0.095,-0.0619,1.1769,-0.1767,-0.1152,0.885,0.752,0.6072
NOW,US,USD,US,0.5991,-0.0726,-0.0595,1.3914,-0.1685,-0.1383,1.0846,0.7795,0.57
ACN,US,USD,US,0.6565,-0.0694,-0.0755,0.9788,-0.1035,-0.1126,0.7627,0.7793,0.6447
IBM,US,USD,US,0.5313,-0.0255,-0.0629,0.7933,-0.0381,-0.0939,0.6613,0.8337,0.5295
ADI,US,USD,US,0.7431,-0.1244,-0.071,1.3251,-0.2218,-0.1266,0.9766,0.737,0.7268
DELL,US,USD,US,0.49,-0.0299,-0.0375,1.046,-0.0638,-0.08,0.9021,0.8625,0.4803
8035,ASIA,JPY,JP,0.143,0.2784,0.0468,0.3179,0.6189,0.104,1.0408,3.2736,0.2269
IFX,EUROPE,EUR,GR,0.626,-0.0609,-0.0431,1.3325,-0.1297,-0.0918,1.111,0.8338,0.658
MS,US,USD,US,0.7515,-0.046,-0.0688,1.2896,-0.079,-0.1181,1.0925,0.8472,0.7632
SCHW,US,USD,US,0.6066,-0.0378,-0.0641,1.1107,-0.0691,-0.1173,0.9242,0.8321,0.6149
AXP,US,USD,US,0.7148,-0.0428,-0.0586,1.2001,-0.0718,-0.0983,1.0299,0.8582,0.7224
PGR,US,USD,US,0.4208,-0.0379,-0.0424,0.5514,-0.0497,-0.0555,0.4462,0.8092,0.4099
AON,US,USD,US,0.5366,-0.0232,-0.0551,0.6836,-0.0296,-0.0702,0.5839,0.8541,0.5322
CME,US,USD,US,0.4423,-0.036,-0.107,0.58,-0.0472,-0.1403,0.3924,0.6766,0.4476
KKR,US,USD,US,0.7293,-0.0362,-0.0344,1.4479,-0.0719,-0.0682,1.3078,0.9033,0.723
BN,US,USD,US,0.7581,-0.03,-0.0743,1.2132,-0.0481,-0.119,1.0462,0.8623,0.7619
C,US,USD,US,0.7184,-0.042,-0.0667,1.282,-0.0749,-0.1191,1.088,0.8487,0.7352
LSEG,EUROPE,GBP,LN,0.2607,0.1039,-0.0172,0.3794,0.1512,-0.025,0.5057,1.3328,0.3183
ZURN,EUROPE,CHF,SW,0.3769,0.1151,-0.0438,0.414,0.1264,-0.0481,0.4923,1.1891,0.4723
CS,EUROPE,EUR,FP,0.4015,0.1039,-0.0317,0.571,0.1478,-0.0451,0.6737,1.1799,0.5027
8306,ASIA,JPY,JP,0.113,0.2311,0.0518,0.1888,0.3861,0.0866,0.6614,3.5038,0.1952
DIS,US,USD,US,0.6292,-0.0458,-0.0439,0.9647,-0.0702,-0.0674,0.8272,0.8574,0.623
CMCSA,US,USD,US,0.531,-0.081,-0.0432,0.7565,-0.1153,-0.0615,0.5797,0.7662,0.519
VZ,US,USD,US,0.3098,-0.0049,-0.0592,0.3418,-0.0054,-0.0653,0.271,0.7929,0.307
T,US,USD,US,0.3862,-0.0233,-0.0697,0.485,-0.0293,-0.0875,0.3682,0.7592,0.3872
TTWO,US,USD,US,0.4539,-0.042,-0.0601,0.8617,-0.0798,-0.1141,0.6678,0.775,0.4344
PUB,EUROPE,EUR,FP,0.3276,0.1177,-0.0126,0.5123,0.1841,-0.0198,0.6767,1.3208,0.4015
7974,ASIA,JPY,JP,0.0636,0.1271,0.0063,0.1301,0.2598,0.0129,0.4027,3.0961,0.1201
DTE,EUROPE,EUR,GR,0.4503,-0.0886,-0.0563,0.5294,-0.1042,-0.0661,0.3591,0.6783,0.493
UMG,EUROPE,EUR,NA,0.1357,0.0424,0.0158,0.1593,0.0497,0.0185,0.2276,1.4284,0.16
LOW,US,USD,US,0.6218,-0.0367,-0.0537,0.9661,-0.057,-0.0834,0.8257,0.8547,0.6134
TJX,US,USD,US,0.5778,-0.0062,-0.0519,0.8177,-0.0088,-0.0734,0.7355,0.8994,0.5794
SBUX,US,USD,US,0.6172,-0.0792,-0.0374,0.9667,-0.124,-0.0585,0.7841,0.8112,0.6087
ABNB,US,USD,US,0.2831,-0.0022,-0.0174,0.7037,-0.0055,-0.0431,0.655,0.9308,0.2662
7203,ASIA,JPY,JP,0.1265,0.2164,0.0344,0.1924,0.3291,0.0523,0.5737,2.9825,0.2058
ITX,EUROPE,EUR,SM,0.3577,0.0799,-0.0148,0.5151,0.1151,-0.0214,0.6088,1.1819,0.4402
ABT,US,USD,US,0.5498,-0.0569,-0.1033,0.7194,-0.0745,-0.1352,0.5098,0.7086,0.5378
DHR,US,USD,US,0.6071,-0.0413,-0.0742,0.8321,-0.0567,-0.1017,0.6737,0.8096,0.5875
VRTX,US,USD,US,0.4104,-0.0728,-0.0519,0.8343,-0.148,-0.1055,0.5808,0.6962,0.4027
SAN,EUROPE,EUR,FP,0.1839,0.0483,-0.0075,0.2319,0.0609,-0.0095,0.2833,1.2218,0.2526
GE,US,USD,US,0.5787,-0.013,-0.0597,1.0907,-0.0245,-0.1125,0.9536,0.8743,0.5914
TT,US,USD,US,0.6697,-0.0204,-0.031,0.9949,-0.0304,-0.0461,0.9184,0.9231,0.6682
ABBN,EUROPE,CHF,SW,0.4414,0.1508,-0.0432,0.5842,0.1996,-0.0572,0.7267,1.2439,0.5342
KO,US,USD,US,0.4495,-0.0194,-0.0639,0.4459,-0.0193,-0.0634,0.3632,0.8145,0.4516
ULVR,EUROPE,GBP,LN,0.1278,0.0052,-0.086,0.1418,0.0057,-0.0954,0.0521,0.3676,0.177
ECL,US,USD,US,0.6776,-0.0369,-0.0676,0.914,-0.0498,-0.0912,0.773,0.8458,0.6785
AI,EUROPE,EUR,FP,0.3703,0.0645,-0.051,0.417,0.0727,-0.0574,0.4323,1.0366,0.4594
IBE,EUROPE,EUR,SM,0.2904,0.031,-0.0589,0.3157,0.0337,-0.064,0.2855,0.9041,0.3587
INTU,US,USD,US,0.6706,-0.0761,-0.0705,1.2171,-0.1381,-0.1279,0.9511,0.7815,0.6458
SNPS,US,USD,US,0.6646,-0.0646,-0.0487,1.224,-0.119,-0.0897,1.0153,0.8295,0.6428
APH,US,USD,US,0.7437,-0.0435,-0.0406,1.1214,-0.0656,-0.0612,0.9946,0.8869,0.7392
MSI,US,USD,US,0.5892,-0.0499,-0.0555,0.8033,-0.0681,-0.0756,0.6596,0.8211,0.5798
CRWD,US,USD,US,0.3986,-0.0355,-0.022,1.0501,-0.0935,-0.0579,0.8987,0.8558,0.3739
NXPI,US,USD,US,0.6737,-0.1091,-0.0603,1.5379,-0.249,-0.1377,1.1512,0.7485,0.6613
KEYS,US,USD,US,0.6491,-0.0758,-0.0728,1.1312,-0.1321,-0.1269,0.8722,0.771,0.639
ADSK,US,USD,US,0.6799,-0.0557,-0.0657,1.3483,-0.1105,-0.1303,1.1076,0.8215,0.6633
WDAY,US,USD,US,0.5599,-0.0426,-0.0401,1.2621,-0.096,-0.0904,1.0758,0.8523,0.5386
WDC,US,USD,US,0.6054,-0.0313,-0.0322,1.6242,-0.084,-0.0863,1.4539,0.8951,0.609
DDOG,US,USD,US,0.4122,-0.0359,-0.0474,1.0617,-0.0925,-0.1222,0.847,0.7978,0.3873
FTNT,US,USD,US,0.565,-0.0611,-0.0585,1.2584,-0.1362,-0.1303,0.992,0.7883,0.5445
DSY,EUROPE,EUR,FP,0.3335,0.0984,-0.0331,0.5166,0.1525,-0.0513,0.6177,1.1958,0.3886
6146,ASIA,JPY,JP,0.1245,0.2232,0.0411,0.302,0.5413,0.0996,0.943,3.1224,0.2039
6981,ASIA,JPY,JP,0.1284,0.2276,0.0221,0.2707,0.4797,0.0466,0.797,2.9442,0.2076
BRK/B,US,USD,US,0.7056,-0.0721,-0.0925,0.7393,-0.0756,-0.0969,0.5668,0.7667,0.7103
CB,US,USD,US,0.5238,-0.0372,-0.0841,0.6559,-0.0466,-0.1054,0.5039,0.7683,0.533
ICE,US,USD,US,0.5806,-0.0519,-0.0725,0.7286,-0.0651,-0.0909,0.5725,0.7858,0.5695
MCO,US,USD,US,0.7512,-0.0646,-0.0861,1.1311,-0.0973,-0.1296,0.9043,0.7995,0.7466
PYPL,US,USD,US,0.6119,-0.0784,-0.0473,1.2455,-0.1595,-0.0964,0.9896,0.7945,0.5902
COF,US,USD,US,0.6977,-0.0348,-0.0537,1.3655,-0.0681,-0.1052,1.1922,0.8731,0.7024
BNP,EUROPE,EUR,FP,0.4125,0.0783,-0.049,0.7135,0.1355,-0.0848,0.7642,1.071,0.5068
MUV2,EUROPE,EUR,GR,0.5117,-0.0732,-0.0565,0.6545,-0.0936,-0.0723,0.4887,0.7466,0.565
RTX,US,USD,US,0.5988,-0.0199,-0.0448,0.8744,-0.0291,-0.0654,0.78,0.892,0.6097
EMR,US,USD,US,0.7177,-0.0479,-0.0845,1.1151,-0.0743,-0.1312,0.9095,0.8156,0.7231
AXON,US,USD,US,0.456,-0.0435,0.0046,1.2832,-0.1224,0.013,1.1738,0.9147,0.4459
UBER,US,USD,US,0.4991,-0.0565,-0.0124,1.0736,-0.1215,-0.0267,0.9254,0.8619,0.4941
AIR,EUROPE,EUR,FP,0.4025,0.1049,-0.0305,0.7677,0.2,-0.0582,0.9095,1.1848,0.4887
SAF,EUROPE,EUR,FP,0.4128,0.1293,-0.0124,0.741,0.2321,-0.0223,0.9508,1.2831,0.502
MRK,US,USD,US,0.3842,-0.0691,-0.0984,0.491,-0.0883,-0.1258,0.2769,0.5639,0.3814
AMGN,US,USD,US,0.476,-0.0889,-0.0798,0.6714,-0.1254,-0.1126,0.4334,0.6456,0.4658
SYK,US,USD,US,0.6489,-0.0135,-0.0689,0.9152,-0.0191,-0.0971,0.799,0.873,0.6444
MCK,US,USD,US,0.3748,-0.0287,-0.079,0.5869,-0.045,-0.1237,0.4182,0.7126,0.3772
NOVN,EUROPE,CHF,SW,0.2546,0.079,-0.0447,0.2682,0.0832,-0.0471,0.3043,1.1346,0.33
NKE,US,USD,US,0.5734,-0.0378,-0.0477,0.9864,-0.0651,-0.082,0.8393,0.8509,0.5646
ORLY,US,USD,US,0.4411,-0.0681,-0.0264,0.637,-0.0984,-0.0381,0.5005,0.7857,0.4305
DASH,US,USD,US,0.3171,-0.0155,0.0126,0.801,-0.0393,0.0318,0.7935,0.9907,0.2951
CFR,EUROPE,CHF,SW,0.3843,0.1265,-0.0215,0.6446,0.2123,-0.0361,0.8208,1.2733,0.4654
TTD,US,USD,US,0.4663,-0.0311,-0.0341,1.6598,-0.1106,-0.1214,1.4278,0.8602,0.4451
RBLX,US,USD,US,0.2962,0.0048,-0.0027,0.8122,0.0131,-0.0074,0.818,1.0071,0.2722
9432,ASIA,JPY,JP,0.0741,0.0997,0.0141,0.0888,0.1195,0.0169,0.2252,2.5357,0.1239
9433,ASIA,JPY,JP,0.0391,0.1318,0.0263,0.0518,0.1747,0.0348,0.2613,5.0416,0.092
PEP,US,USD,US,0.4541,-0.0965,-0.0882,0.4788,-0.1017,-0.093,0.284,0.5933,0.4447
MDLZ,US,USD,US,0.467,-0.0741,-0.0811,0.5559,-0.0881,-0.0966,0.3711,0.6677,0.463
OR,EUROPE,EUR,FP,0.3325,0.0532,-0.0311,0.4218,0.0675,-0.0395,0.4499,1.0666,0.4104
CVX,US,USD,US,0.5514,-0.0701,-0.0599,0.8738,-0.1111,-0.095,0.6678,0.7642,0.5576
TTE,EUROPE,EUR,FP,0.3482,0.047,-0.028,0.5231,0.0707,-0.042,0.5517,1.0548,0.4264
NEM,US,USD,US,0.2235,-0.0111,0.0013,0.4706,-0.0233,0.0027,0.45,0.9562,0.2112
SHW,US,USD,US,0.6109,-0.0454,-0.0484,0.881,-0.0655,-0.0698,0.7457,0.8464,0.5983
SO,US,USD,US,0.3636,-0.0436,-0.0663,0.4233,-0.0508,-0.0773,0.2953,0.6976,0.3578
APP,US,USD,US,0.3398,0.0075,0.0293,0.9651,0.0213,0.0831,1.0694,1.1081,0.3192
SNOW,US,USD,US,0.3017,-0.0112,-0.0093,0.8936,-0.0333,-0.0276,0.8328,0.9319,0.2771
NET,US,USD,US,0.438,-0.0235,-0.0215,1.2347,-0.0663,-0.0606,1.1078,0.8972,0.4084
ZS,US,USD,US,0.3683,-0.0295,-0.0214,1.1603,-0.0929,-0.0676,0.9998,0.8617,0.3412
TEAM,US,USD,US,0.4454,-0.0287,-0.0317,1.2526,-0.0807,-0.089,1.0828,0.8645,0.4182
COHR,US,USD,US,0.5533,-0.0488,-0.0225,1.6735,-0.1476,-0.068,1.458,0.8712,0.5427
ON,US,USD,US,0.6751,-0.102,-0.0407,1.8654,-0.2818,-0.1124,1.4712,0.7887,0.6686
FICO,US,USD,US,0.6039,-0.0648,-0.0577,1.2472,-0.1339,-0.1191,0.9942,0.7971,0.5874
HPE,US,USD,US,0.5861,-0.0202,-0.0651,1.1596,-0.04,-0.1288,0.9908,0.8544,0.5812
VRSN,US,USD,US,0.5885,-0.0876,-0.0744,0.8496,-0.1264,-0.1073,0.6158,0.7248,0.5719
ASM,EUROPE,EUR,NA,0.446,0.0726,-0.0307,0.9885,0.1608,-0.0681,1.0812,1.0937,0.5079
MRSH,US,USD,US,0.6182,-0.049,-0.0617,0.6995,-0.0555,-0.0698,0.5742,0.8209,0.614
APO,US,USD,US,0.6714,-0.0016,-0.0402,1.3697,-0.0032,-0.0819,1.2845,0.9378,0.6744
MSCI,US,USD,US,0.6697,-0.0883,-0.084,1.1111,-0.1465,-0.1394,0.8252,0.7427,0.655
BNY,US,USD,US,0.671,-0.0472,-0.0666,0.9794,-0.0689,-0.0972,0.8133,0.8304,0.6819
IBKR,US,USD,US,0.6098,-0.0525,-0.0528,1.1175,-0.0962,-0.0967,0.9245,0.8273,0.6153
UBSG,EUROPE,CHF,SW,0.4395,0.1238,-0.043,0.6957,0.196,-0.0681,0.8236,1.1838,0.5277
UCG,EUROPE,EUR,IM,0.3462,0.0219,-0.0255,0.7836,0.0495,-0.0577,0.7754,0.9895,0.4274
8316,ASIA,JPY,JP,0.1196,0.2339,0.057,0.1869,0.3656,0.0891,0.6416,3.4321,0.2019
ADP,US,USD,US,0.6686,-0.0776,-0.0853,0.8767,-0.1017,-0.1119,0.663,0.7563,0.6534
HWM,US,USD,US,0.571,-0.04,-0.0293,1.1153,-0.0781,-0.0572,0.98,0.8787,0.5746
WM,US,USD,US,0.4824,-0.0419,-0.0827,0.5075,-0.0441,-0.087,0.3764,0.7417,0.4787
PH,US,USD,US,0.7503,-0.0401,-0.0474,1.267,-0.0678,-0.0801,1.1191,0.8833,0.7537
REL,EUROPE,GBP,LN,0.2632,0.1004,-0.0063,0.3135,0.1196,-0.0075,0.4256,1.3577,0.3259
7011,ASIA,JPY,JP,0.0935,0.1896,0.0215,0.1806,0.3662,0.0415,0.5884,3.2571,0.1676
ROP,EUROPE,CHF,SW,0.216,0.043,-0.0369,0.2427,0.0483,-0.0415,0.2495,1.0282,0.2769
GILD,US,USD,US,0.3687,-0.0739,-0.0688,0.5508,-0.1105,-0.1028,0.3375,0.6128,0.3549
PFE,US,USD,US,0.4162,-0.0399,-0.0619,0.534,-0.0512,-0.0794,0.4034,0.7554,0.4107
MDT,US,USD,US,0.576,-0.0215,-0.0828,0.7318,-0.0273,-0.1052,0.5994,0.819,0.5758
HCA,US,USD,US,0.4982,-0.0056,-0.0268,0.8891,-0.01,-0.0478,0.8313,0.935,0.5011
ZTS,US,USD,US,0.5652,-0.0338,-0.088,0.8535,-0.051,-0.1329,0.6695,0.7844,0.552
RMS,EUROPE,EUR,FP,0.37,0.0842,-0.0144,0.523,0.119,-0.0204,0.6216,1.1885,0.4414
6758,ASIA,JPY,JP,0.1263,0.2488,0.0189,0.2292,0.4515,0.0344,0.7151,3.1192,0.201
CMG,US,USD,US,0.4602,-0.0369,-0.0147,0.9031,-0.0724,-0.0289,0.8018,0.8878,0.4489
MAR,US,USD,US,0.6303,-0.0019,-0.0127,1.1014,-0.0034,-0.0222,1.0758,0.9768,0.6374
GM,US,USD,US,0.6076,-0.0054,-0.0343,1.1836,-0.0104,-0.0667,1.1064,0.9348,0.6198
GRMN,US,USD,US,0.5846,-0.037,-0.0368,0.9411,-0.0596,-0.0592,0.8223,0.8737,0.5776
RDDT,US,USD,US,0.1721,-0.0174,-0.0077,0.3705,-0.0375,-0.0166,0.3164,0.854,0.1545
LYV,US,USD,US,0.5951,-0.0275,0.0258,1.2049,-0.0557,0.0522,1.2014,0.9971,0.5968
TKO,US,USD,US,0.3601,-0.0449,-0.0515,0.8277,-0.1031,-0.1182,0.6063,0.7325,0.3533
MO,US,USD,US,0.3345,0.0031,-0.037,0.4137,0.0038,-0.0457,0.3718,0.8987,0.3355
CL,US,USD,US,0.3701,-0.0815,-0.0827,0.3963,-0.0873,-0.0886,0.2204,0.5562,0.3673
MNST,US,USD,US,0.4475,-0.0674,-0.067,0.7142,-0.1076,-0.1069,0.4996,0.6996,0.4378
COP,US,USD,US,0.5051,-0.0654,-0.0551,1.0374,-0.1343,-0.1131,0.79,0.7615,0.513
SLB,US,USD,US,0.5163,-0.0462,-0.0664,1.1005,-0.0986,-0.1416,0.8603,0.7818,0.5314
APD,US,USD,US,0.5985,-0.0511,-0.0822,0.8411,-0.0718,-0.1156,0.6537,0.7772,0.599
4063,ASIA,JPY,JP,0.1341,0.2866,0.0272,0.232,0.4959,0.047,0.7749,3.34,0.2178
NRG,US,USD,US,0.4767,-0.0403,-0.0313,1.0771,-0.091,-0.0707,0.9153,0.8498,0.4692
ENEL,EUROPE,EUR,IM,0.3499,0.0429,-0.0332,0.4717,0.0578,-0.0447,0.4848,1.0277,0.4279
WELL,US,USD,US,0.4586,-0.0259,-0.0453,0.7708,-0.0435,-0.0761,0.6512,0.8449,0.4606
