feature,nan_pct,zero_exact_pct,sat_abs_ge_4_99_pct,abs_ge_3_pct,mean,std,p01,p50,p99,min,max,dates_cs_std_lt_0_05_pct,dates_cs_std_eq_0_pct,median_cs_std,median_cs_count,dates_zero_frac_gt_50_pct,n_tickers_pinned_abs_med_gt_2,n_tickers_std_lt_0_15,median_lag1_autocorr_50tk,late_entrant_ramp_ratio_median,late_entrant_ramp_absmean_median
best_eps_chg_252d,0.0,7.6759,0.6369,1.1631,-0.025,0.6327,-1.2132,-0.0814,2.9748,-5.0,5.0,7.6759,7.6759,0.6263,250.0,7.6759,0,31,0.9865,,
best_sales_chg_252d,0.0,7.6759,0.4212,1.1781,-0.0203,0.8467,-1.8074,-0.1148,3.0651,-5.0,5.0,7.6759,7.6759,0.9032,250.0,7.6759,0,3,0.9985,,
best_sales_accel,0.0,1.919,0.5095,1.6426,0.0141,0.841,-3.1204,0.0793,2.4084,-5.0,5.0,1.919,1.919,0.8786,250.0,1.919,0,1,0.989,,
best_calculated_fcf_level_z,0.0,7.6454,0.0842,0.5469,0.027,0.8609,-2.467,0.147,1.8079,-5.0,5.0,7.6454,7.6454,0.8938,250.0,7.6454,0,17,0.9914,,
best_gross_margin_chg_63d,0.0,1.919,0.8113,1.667,-0.0156,0.712,-2.4138,-0.0424,2.7808,-5.0,5.0,1.919,1.919,0.7359,250.0,1.919,0,69,0.9829,,
best_gross_margin_chg_252d,0.0,7.6759,0.7207,1.4654,-0.0252,0.6861,-2.1047,-0.0642,2.7454,-5.0,5.0,7.6759,7.6759,0.7179,250.0,7.6759,0,84,0.9947,,
oper_margin_chg_63d,0.0,1.9799,0.7904,1.2668,-0.0162,0.6197,-1.3958,-0.0623,2.4561,-5.0,5.0,1.9799,1.9799,0.621,250.0,1.9799,0,72,0.9774,,
oper_margin_chg_252d,0.0,7.6759,0.6606,1.1416,-0.0181,0.5809,-1.1717,-0.0655,2.0954,-5.0,5.0,7.6759,7.6759,0.576,250.0,7.6759,0,82,0.9835,,
oper_margin_accel,0.0,2.6196,0.7475,1.1978,0.0142,0.5924,-2.2582,0.0505,1.3119,-5.0,5.0,2.6196,2.6196,0.5737,250.0,2.6196,0,65,0.9672,,
best_capex_level_z,0.0,7.6454,0.0604,0.3408,-0.0217,0.869,-2.0206,-0.1223,2.2304,-5.0,5.0,7.6454,7.6454,0.8955,250.0,7.6454,0,15,0.9942,,
best_roe_level_z,0.0,0.0,0.7825,1.7103,-0.0144,0.7304,-2.5036,-0.0716,2.9329,-5.0,5.0,0.0,0.0,0.7527,250.0,0.0,1,157,0.9887,,
best_peg_ratio_level_z,0.0,7.6454,0.2153,1.0214,-0.014,0.8836,-1.7642,-0.1048,2.87,-5.0,5.0,7.6454,7.6454,0.9287,250.0,7.6454,0,4,0.9847,,
best_px_bps_ratio_level_z,0.0,7.6454,0.0776,0.3706,0.0014,0.9019,-2.0495,0.0,2.2301,-5.0,5.0,7.6454,7.6454,0.935,250.0,7.6454,0,1,0.9903,,
best_ev_to_best_ebitda_level_z,0.0,7.6454,0.0785,0.3878,0.0046,0.8711,-2.0771,0.0,2.1407,-5.0,5.0,7.6454,7.6454,0.8992,250.0,7.6454,0,11,0.9887,,
earnings_quality_252d,0.0,7.6759,0.6578,1.1449,-0.0237,0.6096,-1.2388,-0.0718,2.8208,-5.0,5.0,7.6759,7.6759,0.5997,250.0,7.6759,0,54,0.9872,,
op_leverage_63d,0.0,1.919,0.7515,1.2125,-0.0168,0.6084,-1.3911,-0.0619,2.283,-5.0,5.0,1.919,1.919,0.597,250.0,1.919,0,79,0.9722,,
cash_conversion_z,0.0,0.0,0.6443,1.7221,-0.0208,0.7368,-2.2503,-0.0572,3.0592,-5.0,5.0,0.0,0.0,0.7284,250.0,0.0,2,101,0.9848,,
capex_intensity_z,0.0,0.0,0.4986,2.1428,0.0462,0.8123,-3.8525,0.2704,0.7667,-5.0,0.8624,0.0,0.0,0.8949,250.0,0.0,9,132,0.9983,,
momentum_252d,0.0,7.6454,0.1573,1.1789,-0.0044,0.912,-2.1038,-0.0091,2.9534,-5.0,5.0,7.6454,7.6454,0.9446,250.0,7.6454,0,1,0.9931,,
risk_adj_mom_252d,0.0,7.6454,0.0,0.2419,0.0009,0.9201,-2.2364,0.0,2.2492,-4.6758,4.3445,7.6454,7.6454,0.9528,250.0,7.6454,0,1,0.9933,,
realized_vol_21d,0.0,0.6092,0.2872,1.5821,-0.0209,0.933,-1.3151,-0.2352,3.5188,-2.4887,5.0,0.6092,0.6092,0.9446,250.0,0.6092,1,1,0.9627,,
realized_vol_126d,0.0,3.8075,0.233,1.4912,-0.0194,0.9293,-1.3168,-0.2245,3.4711,-2.2835,5.0,3.8075,3.8075,0.9455,250.0,3.8075,3,2,0.9963,,
ma_cross_21_50,0.0,1.4925,0.1378,1.1474,-0.0002,0.9461,-2.4777,0.0,2.655,-5.0,5.0,1.4925,1.4925,0.9533,250.0,1.4925,0,0,0.9971,,
ma_cross_50_200,0.0,6.0615,0.1221,1.0779,-0.0021,0.9221,-2.239,0.0,2.7828,-5.0,5.0,6.0615,6.0615,0.9494,250.0,6.0615,0,1,0.9997,,
dist_52w_high,0.0,3.8075,0.1363,1.3535,0.0224,0.9376,-3.2448,0.2664,1.2726,-5.0,2.4718,3.8075,3.8075,0.9565,250.0,3.8075,0,0,0.9837,,
max_ret_63d,0.0,1.8885,0.5005,1.7728,-0.0277,0.8985,-1.1218,-0.2667,3.8204,-1.8797,5.0,1.8885,1.8885,0.9191,250.0,1.8885,0,2,0.9807,,
min_ret_63d,0.0,1.8885,0.3985,1.8004,0.0236,0.9169,-3.6975,0.2439,1.2277,-5.0,2.1304,1.8885,1.8885,0.9274,250.0,1.8885,0,0,0.9815,,
beta_63d,0.0,1.8885,0.0495,0.6284,-0.005,0.9489,-2.0025,-0.0688,2.703,-4.6994,5.0,1.8885,1.8885,0.9593,250.0,1.8885,0,0,0.9901,,
idio_vol_63d,0.0,3.777,0.2572,1.606,-0.0217,0.9204,-1.2425,-0.2373,3.5048,-2.1634,5.0,3.777,3.777,0.939,250.0,3.777,1,2,0.9901,,
analyst_rec_level,0.0,0.0,0.0001,0.6165,0.0067,0.9608,-2.7677,0.1003,1.7134,-5.0,1.895,0.0,0.0,0.9633,250.0,0.0,1,1,0.9976,,
analyst_rec_stability,0.0,0.6092,0.328,1.4344,-0.0215,0.9092,-1.2974,-0.1977,3.4375,-1.5309,5.0,0.6092,0.6092,0.9349,250.0,0.6092,0,0,0.9977,,
tg_upside,0.0,0.0,0.1716,0.9288,-0.018,0.9024,-1.7373,-0.151,2.8832,-5.0,5.0,0.0,0.0,0.9412,250.0,0.0,1,0,0.9807,,
tg_mom_63d,0.0,1.919,0.2832,1.4832,-0.0093,0.9213,-2.275,-0.0978,3.0842,-5.0,5.0,1.919,1.919,0.9403,250.0,1.919,0,0,0.9915,,
eps_rev,0.0,0.005,0.0,0.0227,0.0011,0.9609,-2.138,0.0088,1.7456,-3.0961,3.6051,0.0,0.0,0.9635,250.0,0.0,0,0,0.9876,,
eps_rev_ma_63d,0.0,0.6092,0.0,0.0278,0.001,0.9576,-2.1817,0.0043,1.8607,-3.3125,3.5872,0.6092,0.6092,0.9632,250.0,0.6092,0,0,0.9996,,
eps_rev_trend,0.0,0.6397,0.0246,1.1673,0.0002,0.9568,-2.6684,0.0,2.6524,-5.0,5.0,0.6397,0.6397,0.9613,250.0,0.6397,0,0,0.9979,,
sales_rev_ma_63d,0.0,0.6092,0.0,0.0252,-0.0013,0.9576,-2.2285,-0.0194,2.0721,-3.5397,3.3363,0.6092,0.6092,0.9632,250.0,0.6092,0,0,0.9996,,
cal_is_Q1,0.0,74.9924,0.0,0.0,0.2501,0.4331,0.0,0.0,1.0,0.0,1.0,100.0,100.0,0.0,250.0,74.9924,0,0,0.9797,,
regime_mkt_ret_21d,0.0,0.6092,0.0,0.0,0.0171,0.0458,-0.1075,0.0212,0.1298,-0.3628,0.2329,100.0,100.0,0.0,250.0,0.6092,0,250,0.9503,,
fac_F_Quality_mom_63d,0.0,1.9494,0.0,0.0,0.0347,0.0633,-0.161,0.042,0.1652,-0.3413,0.3629,100.0,100.0,0.0,250.0,1.9494,0,250,0.9731,,
fac_F_Growth_mom_63d,0.0,1.9494,0.0,0.0,0.0419,0.0771,-0.1753,0.0492,0.2268,-0.2502,0.4019,100.0,100.0,0.0,250.0,1.9494,0,250,0.9759,,
fac_F_Value_mom_63d,0.0,1.9494,0.0,0.0,0.0282,0.0642,-0.1915,0.0318,0.1586,-0.4299,0.3299,100.0,100.0,0.0,250.0,1.9494,0,250,0.9756,,
fac_value_growth_63d,0.0,1.9494,0.0,0.0,-0.0137,0.0572,-0.1516,-0.0165,0.13,-0.1845,0.17,100.0,100.0,0.0,250.0,1.9494,0,250,0.984,,
fac_yield_slope,0.0,0.0,0.0,0.0,0.5945,0.7299,-0.9048,0.5252,2.3307,-1.0813,2.4324,100.0,100.0,0.0,250.0,0.0,0,0,0.9989,,
mc_rate_x_eps_rev,0.0,0.6447,0.3758,4.437,0.0022,1.3248,-3.8168,0.0033,3.4882,-5.0,5.0,2.6805,0.6397,1.0647,250.0,0.6397,0,0,0.9479,,
mc_slope_x_eps_rev,0.0,0.6447,0.4155,4.5876,-0.0006,1.3404,-3.6383,0.0,3.7269,-5.0,5.0,2.315,0.6397,1.0819,250.0,0.6397,0,0,0.946,,
mc_vix_x_mom252,0.0,7.6454,0.7935,2.747,-0.0028,1.0258,-3.5784,0.0,3.3256,-5.0,5.0,9.7776,7.6454,0.7706,250.0,7.6454,0,1,0.8836,,
mc_vol_x_mom63,0.0,1.8885,1.8272,3.5173,0.0463,1.0337,-3.8563,0.0047,5.0,-5.0,5.0,1.8885,1.8885,1.0218,250.0,1.8885,0,3,0.9568,,
mc_dxy_x_eps_rev,0.0,0.6447,0.2998,4.0954,0.0008,1.3066,-3.672,-0.0003,3.4737,-5.0,5.0,2.8937,0.6397,1.0935,250.0,0.6397,0,0,0.9509,,
mom_accel_63_252,0.0,7.7491,0.0,0.3845,-0.0002,0.92,-2.4363,0.0,2.3769,-4.6059,4.454,7.6454,7.6454,0.9527,250.0,7.6454,0,3,0.9768,,
fin_roe_level_z,0.0,0.0,0.7825,1.7103,-0.0144,0.7304,-2.5036,-0.0716,2.9329,-5.0,5.0,0.0,0.0,0.7527,250.0,0.0,1,157,0.9887,,
fin_roe_chg_63d,0.0,1.919,0.6936,1.2274,-0.0052,0.6109,-1.5675,-0.0255,2.22,-5.0,5.0,1.919,1.919,0.5943,250.0,1.919,0,78,0.9681,,
fin_roe_chg_252d,0.0,7.6759,0.652,1.1821,-0.0181,0.6108,-1.2882,-0.0597,2.5074,-5.0,5.0,7.6759,7.6759,0.588,250.0,7.6759,0,87,0.9787,,
fin_pb_level_z,0.0,7.6454,0.0776,0.3706,0.0014,0.9019,-2.0495,0.0,2.2301,-5.0,5.0,7.6454,7.6454,0.935,250.0,7.6454,0,1,0.9903,,
fin_pb_chg_63d,0.0,1.919,0.522,1.0864,-0.031,0.6858,-1.6587,-0.0731,2.7846,-5.0,5.0,1.919,1.919,0.6531,250.0,1.919,0,2,0.9718,,
fin_pe_level_z,0.0,7.6454,0.0228,0.1205,0.0046,0.9141,-2.1822,0.0,1.7457,-5.0,3.0929,7.6454,7.6454,0.9474,250.0,7.6454,0,0,0.9915,,
fin_pe_chg_63d,0.0,1.919,0.4648,1.2167,-0.0168,0.802,-2.1153,-0.0636,2.7101,-5.0,5.0,1.919,1.919,0.8715,250.0,1.919,0,0,0.9743,,
fin_eps_chg_63d,0.0,1.919,0.6576,1.3602,-0.014,0.6839,-1.6882,-0.0582,2.9059,-5.0,5.0,1.919,1.919,0.6785,250.0,1.919,0,8,0.9852,,
fin_sales_chg_63d,0.0,1.919,0.4612,1.5619,-0.0146,0.8568,-2.3324,-0.0833,3.1559,-5.0,5.0,1.919,1.919,0.9034,250.0,1.919,0,1,0.9933,,
fin_roe_pb_gap,0.0,0.0,0.0,3.5257,0.0146,0.9597,-3.4901,0.1933,1.6266,-4.1725,3.0102,0.0,0.0,0.9625,250.0,0.0,8,29,0.9923,,
fin_roe_pe_gap,0.0,0.1226,0.0,0.0,0.0058,0.9607,-2.3672,0.0787,2.0744,-2.6965,2.5915,0.0,0.0,0.9633,250.0,0.0,5,10,0.9965,,
fwd_sales_slope_level,0.0,3.7466,0.6092,1.8621,0.0032,0.806,-2.7135,0.0,2.9656,-5.0,5.0,3.7466,3.7466,0.8681,250.0,3.7466,0,12,0.9942,,
fwd_sales_slope_chg_63d,0.0,3.7466,0.7974,1.7809,0.0011,0.735,-2.6152,-0.0042,2.8842,-5.0,5.0,3.7466,3.7466,0.7638,250.0,3.7466,0,10,0.9778,,
nl_fslope_rev_confirm,0.0,3.7466,0.3288,0.8888,0.0359,0.8735,-2.7255,0.2596,2.0614,-5.0,4.1823,3.7466,3.7466,0.9334,250.0,3.7466,0,0,0.9983,,
nl_fslope_growth_confirm,0.0,7.6759,0.4104,1.4448,0.026,0.8292,-3.127,0.0967,2.2093,-5.0,5.0,7.6759,7.6759,0.8887,250.0,7.6759,0,1,0.9964,,
