date,n_mega,funding_set_size,funding_set,n_flip,entered,exited,flip_abs_delta_sum,turnover
2018-12-26,4,3,AAPL|GOOGL|MSFT,0,,,0.0,0.037038261530311326
2019-01-24,2,1,MSFT,2,,AAPL|GOOGL,6.32567121924485e-05,0.07668624373348806
2019-02-22,3,2,AAPL|MSFT,1,AAPL,,5.843383189957363e-07,0.07567750241984961
2019-03-25,4,3,AAPL|GOOGL|MSFT,1,GOOGL,,4.521294295852657e-05,0.015915818456665037
2019-04-23,4,3,AAPL|GOOGL|MSFT,0,,,0.0,0.027043619881576286
2019-05-22,3,1,MSFT,2,,AAPL|GOOGL,0.00014480740288648486,0.038291583520096505
2019-06-20,3,1,MSFT,0,,,0.0,0.03405296660994003
2019-07-19,3,1,MSFT,0,,,0.0,0.024253568615485124
2019-08-19,3,1,MSFT,0,,,0.0,0.02219839235089044
2019-09-17,3,2,AAPL|MSFT,1,AAPL,,0.0009429742591528442,0.02293538116834569
2019-10-16,3,2,AAPL|MSFT,0,,,0.0,0.01157968517373509
2019-11-14,2,2,AAPL|MSFT,0,,,0.0,0.09180858964284026
2019-12-13,3,3,AAPL|GOOGL|MSFT,1,GOOGL,,2.1328736844482277e-05,0.05454964487392498
2020-01-13,3,2,GOOGL|MSFT,1,,AAPL,0.000765932098136135,0.05731756642034845
2020-02-11,4,3,AAPL|GOOGL|MSFT,1,AAPL,,2.1589146471830134e-05,0.10712887855773713
2020-03-11,4,2,AAPL|MSFT,1,,GOOGL,0.004286885693378213,0.09387887047628014
2020-04-09,3,3,AAPL|AMZN|MSFT,1,AMZN,,0.00014175291577395166,0.10377277449242943
2020-05-08,4,4,AAPL|AMZN|GOOGL|MSFT,1,GOOGL,,0.001817784310075482,0.06089729699893554
2020-06-08,4,4,AAPL|AMZN|GOOGL|MSFT,0,,,0.0,0.047854759282674575
2020-07-07,4,3,AAPL|GOOGL|MSFT,1,,AMZN,0.0019955188515868236,0.05244484184504688
2020-08-05,3,2,AAPL|MSFT,1,,GOOGL,2.5091018775083573e-05,0.0504143266227351
2020-09-03,4,2,GOOGL|MSFT,2,GOOGL,AAPL,0.001979602479518755,0.09900735218498989
2020-10-02,3,1,MSFT,1,,GOOGL,9.450878125712159e-06,0.02227416906822321
2020-11-02,4,2,GOOGL|MSFT,1,GOOGL,,4.300004177163613e-05,0.027495462037921407
2020-12-01,4,2,GOOGL|MSFT,0,,,0.0,0.08949339469567535
2020-12-30,3,1,MSFT,1,,GOOGL,5.456574480928317e-05,0.05559893183977196
2021-01-28,4,2,GOOGL|MSFT,1,GOOGL,,5.2435329045488754e-05,0.07923410598296633
2021-02-26,4,2,GOOGL|MSFT,0,,,0.0,0.04339899895890135
2021-03-29,4,1,MSFT,1,,GOOGL,0.003941300236786828,0.05774271738316568
2021-04-27,4,3,AAPL|GOOGL|MSFT,2,AAPL|GOOGL,,0.001028148557285384,0.04251959282095946
2021-05-26,4,1,MSFT,2,,AAPL|GOOGL,0.0002916678593441954,0.01769010672352534
2021-06-24,4,3,AAPL|GOOGL|MSFT,2,AAPL|GOOGL,,0.0004179448969126795,0.01866116091523582
2021-07-23,4,2,GOOGL|MSFT,1,,AAPL,3.180133886357406e-05,0.032441200923763
2021-08-23,4,3,AAPL|GOOGL|MSFT,1,AAPL,,0.0002649655967845166,0.028344015660911846
2021-09-21,4,3,AAPL|GOOGL|MSFT,0,,,0.0,0.014059207007480071
2021-10-20,4,2,GOOGL|MSFT,1,,AAPL,0.0007999774462036507,0.020832316900276447
2021-11-18,4,3,AMZN|GOOGL|MSFT,1,AMZN,,5.062188454978134e-05,0.07375742704584831
2021-12-17,4,3,AMZN|GOOGL|MSFT,0,,,0.0,0.05595274909827361
2022-01-17,4,1,AMZN,2,,GOOGL|MSFT,0.011246988019700824,0.07928643150938008
2022-02-15,4,1,MSFT,2,MSFT,AMZN,0.016226770636642754,0.07460059830345801
2022-03-16,4,3,AAPL|AMZN|MSFT,2,AAPL|AMZN,,0.0025234380333127027,0.02840080916378271
2022-04-14,4,4,AAPL|AMZN|GOOGL|MSFT,1,GOOGL,,0.0006316042137874539,0.02618630520853277
2022-05-13,3,3,AAPL|GOOGL|MSFT,1,,AMZN,9.770076573073494e-06,0.03969785220296391
2022-06-13,3,3,AAPL|GOOGL|MSFT,0,,,0.0,0.0888566509494326
2022-07-12,3,3,AAPL|GOOGL|MSFT,0,,,0.0,0.023930105485998835
2022-08-10,4,3,AAPL|GOOGL|MSFT,0,,,0.0,0.050658575145518726
2022-09-08,4,4,AAPL|AMZN|GOOGL|MSFT,1,AMZN,,7.243451296289755e-05,0.024086866540132097
2022-10-07,4,4,AAPL|AMZN|GOOGL|MSFT,0,,,0.0,0.0674463209953462
2022-11-07,3,2,AAPL|GOOGL,2,,AMZN|MSFT,0.013995290282390188,0.08392858170012234
2022-12-06,3,3,AAPL|GOOGL|MSFT,1,MSFT,,9.374955599367879e-05,0.07093662984238358
2023-01-04,2,1,MSFT,2,,AAPL|GOOGL,0.00015889695077032917,0.06350730684490763
2023-02-02,3,2,AAPL|MSFT,1,AAPL,,6.84817673695659e-05,0.08163268799976793
2023-03-03,2,1,AAPL,1,,MSFT,0.002586381876446657,0.06451278256401233
2023-04-03,3,2,AAPL|MSFT,1,MSFT,,3.9474407511383425e-05,0.06324685350613116
2023-05-02,3,2,AAPL|MSFT,0,,,0.0,0.08130665434501544
2023-05-31,3,3,AAPL|GOOGL|MSFT,1,GOOGL,,0.00014722247736388,0.1076999886066417
2023-06-29,3,3,AAPL|GOOGL|MSFT,0,,,0.0,0.0821280948004592
2023-07-28,3,2,AAPL|MSFT,1,,GOOGL,0.001312576991642861,0.06402353267794669
2023-08-28,3,2,AAPL|MSFT,0,,,0.0,0.058237927048047616
2023-09-26,3,3,AAPL|GOOGL|MSFT,1,GOOGL,,0.0001691791119938016,0.055457401846412305
2023-10-25,3,3,AAPL|GOOGL|MSFT,0,,,0.0,0.09155663341488235
2023-11-23,4,3,AAPL|GOOGL|MSFT,0,,,0.0,0.06769280384127047
2023-12-22,4,2,AAPL|MSFT,1,,GOOGL,0.000805528905443928,0.06588049368967767
2024-01-22,4,2,AAPL|MSFT,0,,,0.0,0.06854893880983212
2024-02-20,5,1,MSFT,1,,AAPL,0.06455017857622675,0.13532448988844975
2024-03-20,5,1,MSFT,0,,,0.0,0.09589384097957704
2024-04-18,5,2,GOOGL|MSFT,1,GOOGL,,0.0001889009172184944,0.06583082921164957
2024-05-17,5,2,AAPL|MSFT,2,AAPL,GOOGL,0.0004961172464862038,0.08265620049924882
2024-06-17,5,4,AAPL|AMZN|GOOGL|MSFT,2,AMZN|GOOGL,,0.00010955766785258891,0.08640839414528688
2024-07-16,5,3,AAPL|GOOGL|MSFT,1,,AMZN,0.000928453668353077,0.0563834412501306
2024-08-14,4,3,AAPL|GOOGL|MSFT,0,,,0.0,0.06148759896474885
2024-09-12,5,2,AAPL|MSFT,1,,GOOGL,0.001145091448458757,0.03603710492362205
2024-10-11,5,1,AAPL,1,,MSFT,0.046428204125729663,0.10878115971439173
2024-11-11,5,3,AAPL|GOOGL|MSFT,2,GOOGL|MSFT,,4.591531730332998e-05,0.02937184600488702
2024-12-10,5,2,AAPL|MSFT,1,,GOOGL,0.0015425958615082405,0.053735423220912404
2025-01-08,5,3,AAPL|GOOGL|MSFT,1,GOOGL,,1.0649110412361273e-05,0.06811557420979339
2025-02-06,5,3,AAPL|AMZN|GOOGL,2,AMZN,MSFT,0.016776092547960517,0.4233127923441543
2025-03-07,5,3,AAPL|AMZN|MSFT,2,MSFT,GOOGL,0.00019521732829138466,0.04610699388249223
2025-04-07,5,4,AAPL|AMZN|GOOGL|MSFT,1,GOOGL,,8.368362007380586e-05,0.053074611131044294
2025-05-06,5,3,AMZN|GOOGL|MSFT,1,,AAPL,0.0002460154644250978,0.05013806666340176
2025-06-04,5,3,AMZN|GOOGL|MSFT,0,,,0.0,0.07828215666333754
2025-07-03,5,3,AAPL|AMZN|MSFT,2,AAPL,GOOGL,0.0009764140836457935,0.04077208940458293
2025-08-01,5,3,AAPL|AMZN|MSFT,0,,,0.0,0.07256012645405549
2025-09-01,5,4,AAPL|AMZN|GOOGL|MSFT,1,GOOGL,,0.0005754019514572009,0.07136727726177894
2025-09-30,5,3,AAPL|GOOGL|MSFT,1,,AMZN,0.003039130441363627,0.06605149184297773
2025-10-29,5,4,AAPL|AMZN|GOOGL|MSFT,1,AMZN,,5.008275825394565e-05,0.07694033093694647
2025-11-27,5,4,AAPL|AMZN|GOOGL|MSFT,0,,,0.0,0.071707622863255
2025-12-26,5,4,AAPL|AMZN|GOOGL|MSFT,0,,,0.0,0.06589673741860194
2026-01-26,5,4,AAPL|AMZN|GOOGL|MSFT,0,,,0.0,0.08940719713459155
2026-02-24,4,2,AAPL|GOOGL,2,,AMZN|MSFT,0.02083426970878063,0.07053211111203644
2026-03-25,4,3,AAPL|GOOGL|MSFT,1,MSFT,,0.00021921218652615204,0.04200240923881098
2026-04-23,5,3,AAPL|AMZN|GOOGL,2,AMZN,MSFT,0.0006892923662724162,0.05535169973206408
2026-05-22,5,4,AAPL|AMZN|GOOGL|MSFT,1,MSFT,,4.228062895263174e-05,0.06776715725516154
2026-06-22,3,2,AAPL|GOOGL,2,,AMZN|MSFT,0.00047986921718602693,0.14999999824860846
2026-07-21,4,2,AAPL|GOOGL,0,,,0.0,0.052429020787023925
2026-08-19,5,1,AAPL,1,,GOOGL,0.01434832963849704,0.09531830388133879
