ticker,date,d_log_shares,d_log_unadj_adj,tg_un_before,tg_un_after,log_ratio_jump,n_before,n_after
RTX,2020-04-03,0.56,-0.528,0.658,1.26,0.65,129,129
DELL,2021-11-02,-0.681,0.0,2.284,1.203,-0.641,128,129
WMB,2016-03-10,-0.0,-0.036,1.592,1.131,-0.342,128,129
ENEL,2023-01-23,0.001,-0.036,1.55,1.209,-0.248,128,130
DHR,2016-07-05,-0.277,0.0,1.398,1.114,-0.227,128,129
T,2022-04-11,-0.0,-0.281,0.927,1.16,0.224,128,130
PUB,2020-09-07,-0.002,-0.039,1.348,1.081,-0.221,128,130
GM,2024-01-30,-0.171,0.0,1.479,1.19,-0.217,128,129
ASM,2018-08-01,-0.104,-0.0,1.112,1.372,0.211,128,129
ASM,2018-08-07,0.004,-0.085,1.115,1.372,0.208,128,129
UCG,2022-04-19,0.001,-0.058,1.227,1.506,0.205,128,129
HSBA,2016-06-24,-0.084,-0.0,1.143,0.937,-0.198,129,129
CRWD,2020-05-22,-0.167,0.0,1.303,1.096,-0.173,129,129
NOVOB,2026-03-27,-0.002,-0.034,1.249,1.061,-0.164,129,115
CS,2022-05-06,0.001,-0.064,1.112,1.309,0.163,129,129
RIO,2023-03-09,0.01,-0.032,0.987,1.156,0.158,128,129
ALV,2022-05-05,-0.008,-0.051,1.169,1.367,0.157,128,129
UCG,2016-04-18,0.003,-0.036,1.28,1.494,0.154,128,130
BNP,2018-05-30,0.011,-0.054,1.136,1.325,0.153,128,129
BNP,2022-05-23,0.012,-0.071,1.213,1.408,0.149,128,130
ASM,2019-07-24,-0.094,0.0,1.138,0.981,-0.148,128,129
RIO,2016-02-25,0.008,-0.04,1.234,1.074,-0.139,128,129
UBSG,2018-05-07,-0.003,-0.04,1.043,1.198,0.138,128,130
9432,2015-11-13,-0.081,0.001,1.036,1.19,0.138,129,129
UCG,2017-02-27,-0.098,-0.0,1.229,1.072,-0.137,128,130
UCG,2022-07-20,-0.082,0.0,1.536,1.345,-0.132,128,129
MUV2,2015-04-24,0.005,-0.041,0.943,1.073,0.129,129,129
ABBN,2018-04-04,-0.002,-0.036,1.005,1.142,0.128,128,129
PUB,2025-07-01,0.002,-0.038,1.173,1.331,0.126,128,129
ENEL,2022-07-18,0.006,-0.039,1.38,1.563,0.125,128,130
CFR,2022-09-21,-0.002,-0.032,1.283,1.135,-0.123,128,129
DTE,2015-05-22,-0.009,-0.03,0.938,1.059,0.121,129,129
ROP,2024-03-14,-0.006,-0.041,1.236,1.102,-0.114,128,129
NOVN,2018-03-06,-0.001,-0.036,1.03,1.149,0.109,128,129
KLAC,2014-11-26,0.0,-0.218,0.985,1.096,0.107,128,129
ZURN,2020-04-03,0.002,-0.062,0.99,1.099,0.104,129,129
SU,2019-04-30,0.003,-0.031,1.128,1.02,-0.101,128,129
TSM,2018-06-25,0.0,-0.035,1.01,1.118,0.101,128,130
MUV2,2020-04-30,-0.022,-0.045,0.93,1.028,0.099,128,129
CS,2018-05-03,0.003,-0.054,1.108,1.223,0.099,128,129
MUV2,2022-04-29,0.004,-0.047,1.128,1.244,0.098,129,129
HSBA,2024-03-07,0.006,-0.041,1.277,1.16,-0.096,128,129
BNP,2016-06-02,-0.003,-0.048,1.239,1.126,-0.096,128,129
MCK,2020-03-11,-0.091,-0.0,1.086,1.193,0.094,128,129
8316,2020-03-30,0.002,-0.035,1.326,1.456,0.094,128,130
NOVN,2020-03-03,0.003,-0.037,1.074,1.178,0.093,128,129
HSBA,2024-05-09,0.002,-0.035,1.251,1.141,-0.092,128,129
UCG,2023-04-24,0.005,-0.052,1.233,1.351,0.091,128,130
NOVN,2017-03-02,-0.004,-0.036,1.135,1.037,-0.09,128,129
ALV,2015-05-07,-0.007,-0.046,1.013,1.108,0.09,128,129
AZN,2017-02-16,0.002,-0.033,1.166,1.068,-0.088,128,129
APD,2016-10-03,-0.0,-0.078,0.993,1.084,0.087,128,130
MC,2014-12-17,-0.014,-0.104,1.134,1.04,-0.087,128,129
QCOM,2018-09-13,-0.129,0.0,1.102,1.203,0.087,128,129
ROP,2026-03-12,-0.008,-0.03,1.008,1.098,0.086,128,126
ROP,2017-03-16,0.004,-0.032,1.224,1.125,-0.085,128,129
SAN,2018-05-11,0.004,-0.047,1.188,1.091,-0.085,129,129
APO,2014-05-16,0.0,-0.034,1.182,1.286,0.085,96,129
ZURN,2014-04-04,-0.001,-0.064,0.896,0.975,0.084,66,129
ROP,2020-03-19,-0.02,-0.032,1.042,1.131,0.082,128,129
NOVN,2022-03-08,-0.004,-0.041,1.199,1.105,-0.082,128,129
ALV,2021-05-06,0.005,-0.044,1.066,1.155,0.081,128,129
SAN,2025-05-12,-0.015,-0.043,1.202,1.302,0.081,128,130
DHR,2023-10-02,-0.121,-0.0,1.155,1.066,-0.081,128,130
RIO,2021-08-12,-0.003,-0.069,1.052,1.14,0.081,128,129
SAN,2015-05-11,-0.017,-0.032,1.006,1.089,0.08,128,130
SAN,2020-05-04,-0.007,-0.036,1.098,1.187,0.078,128,130
PUB,2024-07-01,0.003,-0.035,1.056,1.141,0.078,128,130
MUV2,2016-04-28,0.003,-0.048,1.044,1.127,0.077,128,129
ZURN,2015-04-07,-0.008,-0.053,0.911,0.984,0.077,128,129
ZURN,2018-04-06,0.005,-0.06,1.012,1.092,0.076,129,129
CRWD,2019-12-06,-0.095,0.0,1.363,1.264,-0.076,112,129
RIO,2016-06-24,-0.085,-0.0,1.141,1.059,-0.075,129,129
TTWO,2014-07-28,-0.17,0.0,1.081,1.003,-0.075,128,130
DTE,2022-04-08,-0.0,-0.037,1.404,1.304,-0.074,129,129
ZURN,2022-04-08,-0.001,-0.05,1.085,1.167,0.073,129,129
DTE,2020-06-22,0.007,-0.04,1.169,1.259,0.073,128,130
HSBA,2016-03-03,0.007,-0.032,1.17,1.089,-0.072,128,129
MUV2,2021-04-29,-0.0,-0.039,1.077,1.158,0.072,128,129
ALV,2018-05-10,0.005,-0.041,1.075,1.155,0.071,128,129
SU,2016-05-05,-0.007,-0.037,1.115,1.038,-0.071,128,129
CS,2014-05-02,-0.0,-0.044,1.121,1.201,0.07,86,129
RIO,2019-03-07,0.002,-0.074,1.103,1.029,-0.07,128,129
BNP,2019-05-29,-0.003,-0.071,1.324,1.236,-0.069,128,129
ENEL,2024-07-22,0.001,-0.032,1.229,1.147,-0.069,128,130
RTX,2024-02-05,-0.08,-0.0,1.103,1.029,-0.069,128,130
NOVN,2016-02-25,-0.002,-0.038,1.236,1.155,-0.068,128,129
MUV2,2019-05-02,-0.038,-0.042,1.042,0.975,-0.067,128,129
MSI,2015-09-11,-0.157,-0.005,1.001,0.936,-0.067,129,129
CS,2020-07-07,-0.003,-0.039,1.394,1.304,-0.067,128,129
UCG,2025-04-22,-0.008,-0.03,1.135,1.062,-0.066,128,129
REGN,2020-05-28,-0.094,-0.0,1.036,1.106,0.065,128,129
ZURN,2019-04-05,-0.0,-0.059,1.075,1.009,-0.064,129,129
NESN,2017-04-10,0.0,-0.03,1.112,1.045,-0.062,128,130
AZN,2016-06-24,-0.084,0.0,1.196,1.126,-0.061,129,129
DTE,2017-06-01,-0.003,-0.034,1.072,1.139,0.06,128,129
CS,2023-05-08,-0.001,-0.061,1.152,1.223,0.06,128,130
RIO,2021-03-04,0.001,-0.046,1.006,1.069,0.06,128,129
DTE,2021-04-06,0.005,-0.035,1.304,1.229,-0.059,128,129
ENEL,2025-01-20,0.014,-0.031,1.146,1.084,-0.056,128,130
UBSG,2017-05-08,-0.011,-0.035,0.977,1.034,0.056,128,130
COST,2015-02-05,-0.0,-0.033,1.005,1.063,0.056,128,129
PGR,2020-01-07,-0.0,-0.032,1.171,1.108,-0.055,128,129
CS,2016-05-06,0.0,-0.052,1.193,1.26,0.055,129,129
CS,2019-05-02,-0.002,-0.058,1.258,1.19,-0.055,128,129
BNP,2017-05-30,0.002,-0.042,1.03,1.088,0.055,128,129
SIE,2018-02-01,0.008,-0.031,1.11,1.173,0.055,128,129
RHM,2020-05-20,0.005,-0.035,1.184,1.249,0.054,128,129
SU,2020-05-05,-0.006,-0.032,0.978,1.032,0.054,128,129
COST,2017-05-08,-0.0,-0.04,1.069,1.128,0.054,128,130
SIE,2020-02-06,-0.001,-0.035,1.12,1.183,0.054,128,129
ENEL,2015-06-22,-0.001,-0.033,1.064,1.122,0.053,128,130
SIE,2015-01-28,-0.008,-0.034,1.113,1.056,-0.053,128,129
PUB,2023-07-03,0.0,-0.04,1.136,1.196,0.052,128,130
ABBN,2019-05-06,-0.001,-0.039,1.21,1.149,-0.052,128,130
PUB,2021-06-15,0.0,-0.036,1.058,1.114,0.052,128,129
ADP,2014-10-01,-0.0,-0.131,0.902,0.949,0.051,128,129
DTE,2014-05-16,-0.001,-0.039,0.976,1.026,0.05,96,129
BNP,2024-05-21,-0.0,-0.065,1.244,1.304,0.047,128,129
CS,2025-05-05,0.002,-0.052,1.11,1.062,-0.045,128,130
RIO,2022-08-11,-0.001,-0.045,1.097,1.049,-0.045,128,129
ZURN,2026-04-10,0.002,-0.054,0.994,1.039,0.044,129,105
8316,2020-09-29,-0.001,-0.031,1.45,1.387,-0.044,128,129
DTE,2016-05-26,0.003,-0.034,1.096,1.144,0.043,128,129
RIO,2020-03-05,0.019,-0.046,1.049,1.005,-0.043,128,129
ALV,2026-05-08,0.005,-0.045,1.045,1.0,-0.043,129,85
ALV,2020-05-07,0.004,-0.061,1.096,1.143,0.042,128,129
NXPI,2019-07-30,-0.165,-0.0,1.134,1.088,-0.042,128,129
SAN,2021-05-05,-0.001,-0.038,1.238,1.189,-0.041,128,129
TSM,2015-06-29,-0.0,-0.031,1.038,1.081,0.041,128,130
NOVN,2025-03-11,-0.002,-0.035,1.1,1.056,-0.041,128,129
BNP,2025-05-19,0.007,-0.062,1.221,1.172,-0.041,128,130
BNP,2023-05-22,0.001,-0.067,1.277,1.331,0.041,128,130
AI,2026-06-08,-0.096,0.0,1.143,1.098,-0.04,128,64
EQIX,2014-10-23,0.0,-0.039,1.117,1.073,-0.04,128,129
SIE,2016-01-27,0.002,-0.039,1.139,1.095,-0.039,128,129
CS,2015-05-11,-0.0,-0.041,1.07,1.113,0.039,128,130
V,2015-11-20,-0.092,0.0,1.1,1.144,0.039,129,129
RIO,2024-03-07,0.006,-0.041,1.133,1.178,0.038,128,129
NXPI,2014-11-24,-0.087,0.0,1.124,1.082,-0.038,128,130
RIO,2019-08-08,0.001,-0.042,1.019,1.059,0.038,128,129
ALV,2019-05-09,0.002,-0.044,1.134,1.093,-0.037,128,129
SAN,2024-05-13,0.002,-0.041,1.198,1.155,-0.037,128,130
LSEG,2016-06-24,-0.084,-0.0,1.084,1.045,-0.036,129,129
SAN,2022-05-06,0.001,-0.039,1.18,1.223,0.036,129,129
ROP,2016-03-03,0.007,-0.031,1.176,1.219,0.036,128,129
HPE,2017-09-01,-0.254,-0.0,1.078,1.041,-0.035,129,129
AI,2026-06-10,-0.093,0.0,1.139,1.1,-0.035,128,62
ROP,2025-03-27,0.003,-0.033,1.112,1.152,0.035,128,129
PUB,2018-06-06,0.005,-0.034,1.169,1.211,0.035,128,129
AZN,2016-02-18,0.003,-0.032,1.152,1.192,0.034,128,129
NRG,2024-02-28,-0.082,0.0,1.019,1.054,0.034,128,129
DTE,2019-03-29,-0.0,-0.046,1.13,1.091,-0.034,129,129
DTE,2023-04-06,0.002,-0.031,1.256,1.299,0.034,128,129
MUV2,2018-04-26,-0.005,-0.045,1.068,1.104,0.033,128,129
MPC,2022-08-02,-0.082,0.0,1.116,1.152,0.032,128,129
HSBA,2025-03-06,-0.001,-0.031,1.085,1.05,-0.032,128,129
SAN,2014-05-12,-0.0,-0.036,1.11,1.074,-0.032,92,130
APO,2014-11-12,0.0,-0.032,1.286,1.246,-0.032,128,129
HPE,2017-04-03,-0.289,-0.0,1.054,1.088,0.032,128,130
MUV2,2017-04-27,-0.041,-0.047,0.992,1.024,0.032,128,129
ZURN,2021-04-09,0.0,-0.051,1.062,1.095,0.031,129,129
NOVN,2024-03-07,0.005,-0.037,1.104,1.071,-0.031,128,129
UBSG,2025-04-15,-0.01,-0.032,1.053,1.021,-0.031,128,129
BN,2024-03-20,-0.085,0.0,1.174,1.138,-0.031,128,129
TTD,2021-06-17,-0.088,0.0,1.129,1.095,-0.03,128,129
UCG,2024-04-22,-0.0,-0.052,1.239,1.202,-0.03,128,130
SIE,2019-01-31,-0.003,-0.039,1.235,1.198,-0.03,128,129
RIO,2022-03-10,-0.01,-0.062,1.087,1.12,0.03,128,129
SAN,2026-05-05,0.0,-0.054,1.221,1.258,0.03,128,88
V,2021-01-29,-0.087,-0.0,1.104,1.137,0.03,129,129
PGR,2021-01-07,0.0,-0.048,1.034,1.065,0.03,128,129
CS,2021-05-07,0.008,-0.061,1.155,1.121,-0.029,129,129
ALV,2016-05-05,-0.007,-0.05,1.162,1.193,0.027,128,129
ABBN,2014-05-05,0.0,-0.033,1.059,1.087,0.027,87,130
RR/,2016-06-24,-0.084,-0.0,0.861,0.84,-0.025,129,129
ROP,2015-03-05,-0.01,-0.031,1.073,1.1,0.025,128,129
NESN,2014-04-14,-0.004,-0.032,1.046,1.022,-0.024,72,130
NESN,2024-04-22,-0.002,-0.032,1.168,1.141,-0.024,128,130
RIO,2025-03-06,-0.0,-0.036,1.197,1.225,0.024,128,129
PUB,2019-06-25,-0.003,-0.046,1.247,1.277,0.023,128,129
NOVN,2019-03-04,0.0,-0.032,1.06,1.036,-0.023,128,130
ROP,2023-03-16,0.006,-0.036,1.21,1.182,-0.023,128,129
ENEL,2025-07-21,0.006,-0.033,1.081,1.056,-0.023,128,130
SAN,2023-05-30,0.003,-0.037,1.177,1.151,-0.022,128,129
V,2015-03-19,-0.118,-0.0,1.079,1.103,0.022,128,129
ABBN,2017-04-19,-0.002,-0.034,1.028,1.007,-0.021,128,129
OR,2014-07-10,-0.087,0.0,1.06,1.038,-0.021,128,129
CFR,2023-09-20,-0.001,-0.03,1.18,1.205,0.021,128,129
SIE,2020-09-28,-0.097,0.0,1.09,1.113,0.021,128,130
RDDT,2024-11-07,-0.082,0.0,1.016,0.996,-0.019,128,129
MRK,2021-06-03,0.0,-0.048,1.186,1.209,0.019,128,129
ROP,2019-03-07,-0.005,-0.031,1.061,1.082,0.019,128,129
MUV2,2014-05-02,-0.0,-0.044,1.011,1.03,0.019,86,129
UBSG,2019-05-06,-0.001,-0.053,1.234,1.258,0.019,128,130
BNP,2025-09-26,0.003,-0.034,1.165,1.144,-0.018,129,129
TSM,2017-06-26,-0.0,-0.032,0.876,0.891,0.017,128,130
CRM,2026-04-17,-0.121,-0.0,1.392,1.415,0.017,129,100
ENEL,2023-07-24,-0.005,-0.032,1.209,1.229,0.017,128,130
CME,2015-12-23,0.0,-0.031,1.048,1.066,0.016,128,129
UBSG,2020-05-05,-0.008,-0.037,1.151,1.133,-0.016,128,129
MUV2,2026-04-30,-0.024,-0.046,1.109,1.128,0.016,128,91
ALV,2023-05-05,0.001,-0.053,1.14,1.158,0.016,129,129
DTE,2018-05-18,-0.002,-0.047,1.194,1.177,-0.015,129,129
MSI,2015-02-13,-0.105,-0.0,0.986,1.001,0.015,129,129
ROP,2018-03-15,-0.007,-0.037,1.136,1.153,0.015,128,129
NESN,2016-04-11,-0.001,-0.032,1.049,1.035,-0.014,128,130
PUB,2022-07-04,0.001,-0.053,1.251,1.234,-0.014,128,130
ZURN,2016-04-01,0.004,-0.079,1.018,1.032,0.014,129,129
PWR,2015-11-06,-0.245,0.0,1.253,1.237,-0.013,129,129
8035,2016-01-20,-0.083,-0.0,1.072,1.059,-0.012,128,129
SAN,2016-05-10,-0.001,-0.042,1.18,1.193,0.012,128,129
PGR,2019-02-01,-0.0,-0.038,1.057,1.07,0.012,129,129
NOVN,2021-03-04,-0.01,-0.038,1.194,1.18,-0.012,128,129
HSBA,2023-03-02,-0.007,-0.03,1.25,1.235,-0.012,128,129
DTE,2026-04-02,-0.004,-0.032,1.332,1.348,0.012,128,111
NESN,2026-04-20,0.004,-0.04,1.106,1.093,-0.011,128,99
ENEL,2016-06-20,0.003,-0.041,1.163,1.176,0.011,128,130
ABBN,2020-03-30,-0.007,-0.046,1.011,1.0,-0.011,128,130
TSM,2016-06-27,0.0,-0.037,1.035,1.024,-0.01,128,130
TSM,2019-06-24,0.0,-0.032,1.084,1.095,0.01,128,130
MPC,2022-02-24,-0.085,0.0,1.129,1.139,0.009,128,129
CS,2017-05-05,0.002,-0.046,1.066,1.076,0.009,129,129
GRMN,2015-08-11,-0.086,-0.0,1.106,1.116,0.009,128,129
GLW,2016-10-27,-0.086,0.0,0.976,0.984,0.009,128,129
CS,2026-05-11,-0.0,-0.058,1.144,1.133,-0.009,128,84
ALV,2025-05-09,0.002,-0.042,1.046,1.037,-0.009,129,129
MUV2,2025-05-02,0.001,-0.034,1.024,1.032,0.008,129,129
GM,2025-01-28,-0.1,0.0,1.143,1.153,0.008,128,129
EQIX,2015-10-06,0.0,-0.039,1.067,1.075,0.007,128,129
APO,2015-02-12,-0.0,-0.036,1.277,1.268,-0.007,128,129
ABBN,2016-07-11,0.001,-0.039,1.008,1.0,-0.007,128,130
UBSG,2016-05-12,0.001,-0.056,1.055,1.062,0.007,128,129
NOVN,2019-04-09,-0.123,-0.0,1.053,1.06,0.007,128,129
GRMN,2015-02-19,-0.081,-0.0,1.101,1.109,0.007,128,129
RIO,2018-03-01,-0.001,-0.034,1.058,1.065,0.006,128,129
V,2015-07-23,-0.105,0.0,1.098,1.105,0.006,128,129
SHEL,2016-06-24,-0.09,-0.0,1.127,1.121,-0.005,129,129
SAN,2019-05-09,0.002,-0.041,1.119,1.113,-0.005,128,129
SAN,2017-05-16,-0.018,-0.032,1.056,1.061,0.004,128,129
ALV,2014-05-08,-0.005,-0.043,1.122,1.126,0.004,90,129
MUV2,2023-05-08,-0.001,-0.035,1.048,1.052,0.004,128,130
NXPI,2018-11-01,-0.15,0.0,1.158,1.163,0.004,128,129
NESN,2025-04-22,-0.012,-0.035,1.131,1.127,-0.003,128,129
ENEL,2024-01-22,-0.001,-0.033,1.23,1.227,-0.003,128,130
ALV,2017-05-04,0.009,-0.044,1.034,1.037,0.003,128,129
ZURN,2017-03-31,-0.001,-0.062,0.99,0.988,-0.002,129,129
PGR,2026-01-02,0.0,-0.062,1.174,1.177,0.002,129,129
ZURN,2025-04-11,0.011,-0.051,0.961,0.963,0.002,129,129
ZURN,2023-04-12,0.008,-0.054,1.09,1.093,0.002,128,129
UCG,2023-09-13,-0.086,0.0,1.324,1.322,-0.002,128,129
CS,2024-04-30,-0.005,-0.06,1.142,1.14,-0.002,128,129
DTE,2024-04-11,-0.002,-0.035,1.201,1.203,0.002,128,129
ZURN,2024-04-12,-0.004,-0.057,0.994,0.993,-0.001,129,129
ALV,2024-05-09,0.003,-0.052,1.077,1.078,0.001,128,129
MUV2,2024-04-26,-0.003,-0.036,1.054,1.056,0.001,129,129
NESN,2018-04-16,0.002,-0.031,1.074,1.074,0.0,128,130
NOVN,2023-03-09,0.01,-0.042,1.106,1.106,-0.0,128,129
