date,n,ic,spread,bm_fwd
2018-11-27,66,-0.022607243502765894,-0.01895743409903393,-0.06545338058707428
2018-12-26,66,0.07575409664961905,0.028381276787600218,0.06687806279540798
2019-01-24,66,-0.057384406638137986,0.005399757082024684,0.05799850314192123
2019-02-22,66,0.3754305396096442,0.03330976040394238,0.017992059655945525
2019-03-25,66,-0.06523327418849809,-0.011560038200120054,0.05401146187956929
2019-04-23,66,0.112743972445465,0.028332243400272468,-0.024669254299673482
2019-05-22,66,-0.21795219705667468,-0.01210358932333283,0.040379014885963516
2019-06-20,66,0.04527711094875274,-0.010075716893736913,0.012031622854210333
2019-07-19,66,0.08218348815363742,0.011495777832478082,-0.01809868371725587
2019-08-19,66,-0.16751904811606305,-0.014356374979297988,0.027682731825744433
2019-09-17,66,0.06961695021396516,0.00762531401330644,0.005890087490148632
2019-10-16,66,0.10623108235048535,-0.017744485664112727,0.038340910573908094
2019-11-14,66,0.004822043628013778,0.004447581729473765,0.027148503242542033
2019-12-13,66,-0.09953135927229621,-0.01020516850364226,0.04445425514866197
2020-01-13,66,0.17144348189124312,0.017338307881629912,0.02715867083862955
2020-02-11,66,0.22930800542740842,0.04477688169795191,-0.16700941462512664
2020-03-11,66,-0.003945308422920364,0.0020629095648558114,0.02242872003400498
2020-04-09,66,-0.043565389834046564,0.0185459687446394,0.06085742161494001
2020-05-08,66,-0.35134119611731557,-0.08289974401981731,0.0928603570146056
2020-06-08,66,0.2717670389312181,0.08389026196716018,0.010290767390643163
2020-07-07,66,0.17862436071391297,0.04004368523052859,0.0568977580363379
2020-08-05,66,0.05776015029746374,0.019243213809637602,0.04638723370411513
2020-09-03,66,0.10731656403298195,0.020047801759377815,-0.032557987135214406
2020-10-02,66,-0.0575096545245799,-0.04356503120991994,-0.020640616502901166
2020-11-02,66,-0.23348293497547234,-0.0754130450539312,0.1254331320595321
2020-12-01,66,-0.006951257697526355,-0.009016481570753673,0.03536565429132743
2020-12-30,66,-0.04068468844588248,-0.004124761193328625,0.018124104292968513
2021-01-28,66,-0.22150088717252897,-0.053530445715018804,-0.0031528549943349304
2021-02-26,66,0.0495355390877779,0.004234624645892408,0.026876308575413566
2021-03-29,66,0.081306752948544,0.013305851713396252,0.06155780958617041
2021-04-27,66,0.005740528128587831,-0.015326134715084191,0.0010546436358109812
2021-05-26,66,-0.09925895000521869,-0.003588174659216993,0.025348138553087374
2021-06-24,66,0.4069095084020458,0.05482491383064109,0.03351102152255048
2021-07-23,66,-0.05329297568103538,-0.015629557828554387,0.014573521695287361
2021-08-23,66,-0.20960233796054695,-0.021012617123226912,-0.017461057396905844
2021-09-21,66,-0.07178791357895836,-0.01771892898794677,0.03327277403492013
2021-10-20,66,0.26688237135998333,0.05511424356222127,0.0488004374565183
2021-11-18,66,0.15574574679052294,0.007822576742389613,-0.021969663725876165
2021-12-17,66,0.047615071495668515,0.00808859179591564,0.01013231387351654
2022-01-17,66,0.12614549629475005,0.01216935209631792,-0.040539470619243234
2022-02-15,66,0.07070243189646176,0.016358702494803243,-0.03782983081174163
2022-03-16,66,-0.07258190775792238,-0.01822061059097528,0.006192867353217668
2022-04-14,66,0.20166997181922558,0.017168731887347147,-0.08910252262463891
2022-05-13,66,-0.017347013329546593,0.013928379194153781,-0.06672424040165503
2022-06-13,66,-0.12514351320321473,-0.038773263672913214,0.019052829682035366
2022-07-12,66,-0.09579375848032566,-0.005373387508473992,0.1055429714272671
2022-08-10,66,0.18409351842187668,0.01590869872847337,-0.060193932866445476
2022-09-08,66,-0.033169815259367505,-0.006613798790100239,-0.08523698822964598
2022-10-07,66,-0.02210648269072183,-0.01057990790954251,0.03575395062627584
2022-11-07,66,0.16760254670702435,0.027438523946729146,0.05193809149761952
2022-12-06,66,-0.25218661935079845,-0.05002770364427739,-0.02039886041282657
2023-01-04,66,-0.04369063772048848,0.0012400946989084283,0.10170088982142533
2023-02-02,66,0.18513725080889265,0.00796667310768507,-0.02744686915068495
2023-03-03,66,-0.09237031625091327,-0.020587107495364458,0.043139875620680446
2023-04-03,66,-0.20960233796054695,-0.017836064328230292,0.00652850455060805
2023-05-02,66,0.055672685523431804,0.03875739600067127,0.034127660479984945
2023-05-31,66,0.095292766934558,0.004072650388933126,0.049212158730777666
2023-06-29,66,0.07550360087673522,0.010716663132166938,0.041614395287586925
2023-07-28,66,0.11908986535852209,0.00873675157042516,-0.028541875468486855
2023-08-28,66,-0.1876839578332116,-0.01811992735345135,-0.029391248862400965
2023-09-26,66,-0.002776328149462478,-0.00620656658777889,-0.012027045944508985
2023-10-25,66,-0.16447134954597642,-0.008620874754169117,0.09727834521076928
2023-11-23,66,-0.06377204884667573,0.012856345147468862,0.03890517226552048
2023-12-22,66,0.21636572382841046,0.04054040331071497,0.02816521603882638
2024-01-22,66,0.25978499112827474,0.05306909141766576,0.038192215831724274
2024-02-20,66,0.02824339839265213,0.008196579608899218,0.05173715521292954
2024-03-20,66,-0.14798037783112414,-0.022029526752458773,-0.03868224349438487
2024-04-18,66,0.04569460390355914,-0.00041339910867210783,0.06451818368676387
2024-05-17,66,0.18927043106147587,0.06178176675429446,0.046222083554396054
2024-06-17,66,-0.2603694812650037,-0.03889146608282178,0.0341732845696221
2024-07-16,66,0.14029850746268657,0.02478741695160501,-0.04445151705875616
2024-08-14,66,-0.23298194342970469,-0.0437002289582057,0.025070540016079557
2024-09-12,66,0.046487840517691274,0.005995820613982711,0.03920345192398078
2024-10-11,66,-0.2156977351007202,-0.09968151187301094,0.02564170361389917
2024-11-11,66,-0.22517482517482523,-0.0451004453529155,0.01495420579997897
2024-12-10,66,0.12109509545691911,0.028218903254619787,-0.010806433516245884
2025-01-08,66,0.08089010427435986,-0.005278710418687778,0.0348485240397316
2025-02-06,66,-0.05801064607034757,0.011580498065410422,-0.05475498021916558
2025-03-07,66,-0.07529485439933203,-0.0051476563486328175,-0.1295046313268321
2025-04-07,66,0.0733542777858324,0.03425908393929833,0.1288160038555426
2025-05-06,66,0.24694966027501344,0.021209081773184216,0.0734638233559437
2025-06-04,66,0.10994676964826222,0.033489139527789716,0.05488244806366804
2025-07-03,66,0.036050516647531575,0.005671623305261114,-0.006545440617053533
2025-08-01,66,-0.05784364888842502,-0.034303488131631726,0.035764697507929766
2025-09-01,66,0.0766725811501931,0.011234246078441812,0.05109369559865162
2025-09-30,66,-0.0410186828097276,-0.011317826077138132,0.04723721902335143
2025-10-29,66,-0.09871620916397038,0.0006020037993876848,-0.01903315931624372
2025-11-27,66,0.08189124308527294,0.01444313976390154,0.02156506348462317
2025-12-26,66,0.21260828723515293,0.08705227470971355,0.011136608316760555
2026-01-26,66,0.2109383154159274,0.09236952978931146,0.0005861518143530642
2026-02-24,66,-0.10781755557874964,-0.022746707771570705,-0.046500759272035785
2026-03-25,66,0.11099050203527817,0.037406174416610746,0.08902885654757275
2026-04-23,66,0.09349754722889053,-0.02932570624645575,0.0718423372926904
2026-05-22,66,0.2188289322617681,0.11086054777473117,0.022834788240615245
2026-06-22,66,-0.2712242980899698,-0.09852760978485708,-0.020054899095678702
