date,n_spike,n_up,n_down,mean_up,mean_down,spread,raw_ic,resid_ic
2018-11-27,66,33,33,-0.06160314639457077,-0.07474960457405296,0.013146458179482186,0.04399077263367048,0.04506958087357556
2018-12-26,50,22,28,0.06870327504770593,0.06435616090109285,0.004347114146613082,0.03495501875818967,-0.009589619562778734
2019-01-24,28,15,13,0.06138822559226245,0.08688329637222846,-0.025495070779966003,-0.09225849202938391,-0.09117336709512167
2019-02-22,28,17,11,0.02838091424507474,-0.0012263604454728525,0.02960727469054759,0.13263931462588993,0.1245050834993841
2019-03-25,10,5,5,0.02914625140645013,0.09737548473102178,-0.06822923332457165,-0.07913415275199842,-0.09464551920392782
2019-04-23,20,9,11,-0.014648882057103067,0.017408376433467317,-0.03205725849057038,-0.06751926567298702,-0.05191732231745703
2019-05-22,19,9,10,0.06165752200801617,0.05015137553224287,0.011506146475773298,-0.006147561589583245,-0.006036825878898221
2019-06-20,14,8,6,0.006729620725017052,0.03359459707920474,-0.026864976354187685,-0.051768356920562766,-0.04265111308785402
2019-07-19,13,7,6,-0.005495668428923747,-0.05451481885941103,0.04901915043048728,0.09875837153504162,0.06451892402791588
2019-08-19,37,18,19,0.00975462517251486,0.057466898900472796,-0.047712273727957936,-0.10951889319519091,-0.14168051021874495
2019-09-17,25,12,13,0.016903554537426146,-0.005674577484629833,0.02257813202205598,0.06529753611336751,0.05492786123566431
2019-10-16,12,6,6,0.06718356619554389,0.0735364773796839,-0.0063529111841400115,-0.004106660169606885,-0.018697730612544372
2019-11-14,47,22,25,0.029404018371968068,0.03167652512168393,-0.002272506749715863,0.022510470988422886,0.02084924949945311
2019-12-13,12,7,5,0.02817656633200546,0.061797024916870225,-0.03362045858486476,-0.1171285536816246,-0.1604272897750797
2020-01-13,3,2,1,0.06303845082690795,0.09254345915958817,-0.029505008332680216,0.02113382403982511,0.009767919937584992
2020-02-11,38,18,20,-0.15553982386818482,-0.20374374199551384,0.04820391812732902,0.08968135961186673,0.09922139664375136
2020-03-11,118,46,72,0.030670091790739457,0.006333160180112752,0.024336931610626705,0.11770090805873605,0.10590141678848786
2020-04-09,179,84,95,0.05289713013333704,0.05494096076624433,-0.0020438306329072856,-0.047364872088585266,-0.0824753413088117
2020-05-08,58,23,35,0.12228060241316734,0.16708959937470122,-0.044808996961533884,-0.16435598838069396,-0.20657030443562907
2020-06-08,41,14,27,0.06230028931333379,-0.0934945442035916,0.15579483351692539,0.3508140963776488,0.35400522648623745
2020-07-07,7,4,3,0.013977805531916826,0.04226963410597303,-0.028291828574056203,-0.0471349486776717,-0.027624054669731588
2020-08-05,16,8,8,0.06221736277766857,0.03161641676268996,0.030600946014978606,0.05864041237766577,0.05942501452156919
2020-09-03,10,8,2,-0.03662504963805621,-0.05395470337339542,0.017329653735339207,-0.037638305681324175,-0.02390610904704829
2020-10-02,4,0,4,,-0.01638870524707317,,0.004175487680786208,0.008136105341682746
2020-11-02,8,4,4,0.11162848985074197,0.22947939804235862,-0.11785090819161664,-0.07301055348099497,-0.032622519950325855
2020-12-01,38,19,19,0.04677890487089979,0.04684856424175449,-6.965937085469387e-05,0.030372915735610895,0.028344938947095874
2020-12-30,2,1,1,0.010461743306861448,-0.051278007835760864,0.06173975114262231,0.07203707943458172,0.06017403096430128
2021-01-28,9,6,3,0.06392212575272356,0.03430415442755145,0.02961797132517211,0.04928578933204327,0.04202591891506043
2021-02-26,8,5,3,0.011341599329979423,-0.02490469784914932,0.03624629717912874,0.003751172769473391,0.061194298148803845
2021-03-29,13,5,8,0.09689267556204453,0.039262476959705986,0.05763019860233855,0.07781267132797018,0.06764420274903103
2021-04-27,1,0,1,,-0.02554064111766763,,0.06093377748964325,0.061946777070652465
2021-05-26,16,6,10,0.03292349776777594,0.006101456447384246,0.026822041320391697,0.021973938800094493,0.009196990845940622
2021-06-24,3,1,2,0.08947050030333581,0.06678823728293481,0.022682263020400995,-0.024448038912929505,-0.02765901264411951
2021-07-23,5,4,1,0.030663194917271264,0.020196994479322328,0.010466200437948936,0.023035082516411665,0.015664961372069314
2021-08-23,15,12,3,0.027815637028986363,-0.023322516529245663,0.05113815355823202,0.13209202556196042,0.10509572077655256
2021-09-21,14,10,4,0.015777063490635568,0.016508795761205813,-0.0007317322705702456,-0.03566703128659789,-0.037971521561235136
2021-10-20,9,2,7,0.03200901674423151,0.018104630897770018,0.013904385846461493,0.032911122308699206,0.020171975913290174
2021-11-18,40,25,15,-0.04627036260262447,-0.01849921562238154,-0.027771146980242925,-0.13910284631799547,-0.12838961114635408
2021-12-17,59,40,19,-0.006480319314098826,0.058726055176841686,-0.06520637449094051,-0.1998282921764693,-0.20456354606550523
2022-01-17,23,13,10,-0.022268982819804613,-0.05231108285885798,0.030042100039053367,0.0780549420408428,0.0783371334306749
2022-02-15,87,46,41,-0.045314437093014207,-0.03542914909118774,-0.009885288001826469,-0.04537418380168919,-0.008832858295168746
2022-03-16,112,60,52,0.01340694474920415,0.01947794931868481,-0.0060710045694806584,-0.03983380692901488,-0.026803957545581233
2022-04-14,24,17,7,-0.06190550336684505,-0.045207280576920104,-0.016698222789924944,0.016051498489105795,0.02186897076992492
2022-05-13,78,40,38,-0.05172467686680905,-0.06063058271065859,0.008905905843849538,0.037843041300125085,0.0502403481933869
2022-06-13,33,13,20,-0.0023245957446324304,0.03494170182404672,-0.03726629756867915,-0.1571429318145558,-0.14524206497013276
2022-07-12,40,24,16,0.0826136937494924,0.09598725794604457,-0.013373564196552168,-0.05267593100569404,-0.1267947102124142
2022-08-10,31,16,15,-0.052306461045649136,-0.06589886974720861,0.013592408701559477,0.043084820555198404,0.0526790425463317
2022-09-08,5,3,2,-0.032604981680841104,-0.01773343679911077,-0.014871544881730335,-0.002911945267586962,-0.009830353986718447
2022-10-07,15,6,9,0.052928016702791146,0.047269489616702694,0.005658527086088452,0.034325114977988,0.02115389099264167
2022-11-07,50,26,24,0.06769265368591465,0.05990545147631901,0.0077872022095956395,0.036667575295440756,0.036049427124073476
2022-12-06,24,14,10,-0.01800022662953384,-0.011826732175400766,-0.006173494454133073,-0.07062456034406916,-0.06023075846287764
2023-01-04,4,2,2,0.3489625545002356,0.08057936722125225,0.26838318727898336,0.04133872506663726,0.028083876806987592
2023-02-02,23,12,11,-0.004819387710028831,-0.040746497587412576,0.03592710987738375,0.09106118164393394,0.08617696422645388
2023-03-03,18,7,11,0.022056411433782817,0.027807420916853166,-0.005751009483070349,0.01390393718009904,0.011310436934745672
2023-04-03,30,14,16,0.0051238224257708475,-0.003567198061912351,0.008691020487683198,0.03014249976204834,0.042462941995348086
2023-05-02,26,8,18,0.019182057138780004,0.06389735176403044,-0.04471529462525044,-0.08828733702279663,-0.0909426786390985
2023-05-31,30,16,14,0.06084211744669267,0.038751799681614234,0.022090317765078436,0.09701420362769592,0.09150489072333602
2023-06-29,14,6,8,0.02732616427984778,0.021136959420348836,0.0061892048594989445,0.016407082105554267,0.006084711244519599
2023-07-28,31,12,19,-0.043994889612170775,-0.02390941896355798,-0.020085470648612793,-0.06780216227994444,-0.06590195975922686
2023-08-28,23,19,4,-0.012518756005069043,-0.03708756572115632,0.024568809716087277,0.08380478024597847,0.09176447674932642
2023-09-26,8,3,5,-0.02802343162997915,-0.0027766739856178056,-0.025246757644361344,-0.03226254293994127,-0.021890708388661986
2023-10-25,30,14,16,0.08461277659929957,0.07817423489661052,0.006438541702689052,0.029162015632902306,0.031180415735786914
2023-11-23,43,22,21,0.043471372247903955,0.08479286618759677,-0.04132149393969281,-0.14087362983058613,-0.1413487585157103
2023-12-22,21,14,7,0.03254496240992815,-0.0063288904108873235,0.03887385282081547,0.05628945262553653,0.0488281603681529
2024-01-22,4,3,1,0.04238441265234597,0.004869481919055341,0.03751493073329063,0.0381380203292996,0.029109204525821598
2024-02-20,53,29,24,0.04539656727764874,0.038628624156879225,0.006767943120769518,0.05278832891948096,0.05033627023619499
2024-03-20,31,16,15,-0.01641312924520988,-0.020294401660362272,0.003881272415152393,0.012329366224330018,0.012508073911135582
2024-04-18,17,5,12,0.18189345822199346,0.06567269426590595,0.1162207639560875,0.08428121972706393,0.08241357280955086
2024-05-17,46,20,26,-0.0022916125735734983,0.007439240114123382,-0.00973085268769688,-0.050149223188434844,-0.07606207065218765
2024-06-17,39,19,20,0.035699952661947885,0.05354303155804622,-0.017843078896098333,-0.07609092550272664,-0.11034161855537407
2024-07-16,29,13,16,-0.09434219384269849,-0.015309156383553589,-0.07903303745914489,-0.15239921078621232,-0.1596371470395068
2024-08-14,100,55,45,0.01492811342351523,0.026692199072512503,-0.011764085648997273,-0.08922744157193628,-0.07570819986805052
2024-09-12,20,13,7,0.04464154365252696,0.05397876471389952,-0.00933722106137256,-0.0145269483882596,0.0017964392785064474
2024-10-11,26,9,17,-0.024118928680371354,-0.011364600210139852,-0.012754328470231502,0.04283036747666863,0.04084816132771839
2024-11-11,86,43,43,-0.0026808082998398077,0.020539751175722244,-0.023220559475562053,-0.08764634906379362,-0.08500595886168066
2024-12-10,35,20,15,-0.005675165932534804,-0.01899868975824089,0.013323523825706085,0.04278942929824715,0.01019604154314199
2025-01-08,9,2,7,0.08824568686987366,0.02981458316021698,0.05843110370965668,0.07466566790832933,0.06939414354233964
2025-02-06,80,37,43,-0.09354207221455066,0.006280363409581948,-0.09982243562413261,-0.2641073915579256,-0.1975221793041143
2025-03-07,57,25,32,-0.09668166519292307,-0.11704767264660111,0.020366007453678045,0.09631818653927696,0.10771879514766997
2025-04-07,68,24,44,0.16090960423019984,0.10818087526040636,0.052728728969793484,0.19004757969010788,0.12123603408605116
2025-05-06,75,33,42,0.05696391470673005,0.0340654482212866,0.02289846648544345,0.10352690674674525,0.11288561251889179
2025-06-04,16,7,9,0.055060582969804366,0.025017649421736184,0.030042933548068182,0.0703772197149618,0.06007119941430918
2025-07-03,15,8,7,-0.042055528653070995,0.0075112003557367135,-0.04956672900880771,-0.055308195476954036,-0.05025294871564307
2025-08-01,34,21,13,0.048201750115799115,0.060782225427076564,-0.012580475311277449,0.0054696891803487,0.004636070395076854
2025-09-01,13,7,6,0.06816621583599715,0.018736969602072384,0.049429246233924765,0.04404006447696885,0.03467304365909281
2025-09-30,13,8,5,0.05284930223918603,0.0628576495265258,-0.010008347287339764,0.0179601991958487,0.03780792357307237
2025-10-29,44,30,14,0.007407241355674058,0.007440245194349326,-3.300383867526832e-05,0.05121321417975349,0.10834276341898894
2025-11-27,24,17,7,0.06898776641181602,0.0007993161992447975,0.06818845021257122,0.1209401837570844,0.10816838169481964
2025-12-26,9,4,5,0.0280784694431315,0.009122618183753461,0.018955851259378036,-0.03781973537147661,-0.0402781538707279
2026-01-26,33,23,10,0.02189029909135982,-0.031526880662780976,0.0534171797541408,-0.050969946716654585,-0.04191703819954812
2026-02-24,94,57,37,-0.003498072636240908,-0.04586554138271991,0.042367468746479,0.2199788195564549,0.1788607313046809
2026-03-25,51,25,26,0.10231076394009918,0.03331572937171992,0.06899503456837926,0.1532086330287848,0.11825378945603464
2026-04-23,50,21,29,0.1623080258967628,0.031839603456141174,0.13046842244062162,0.20516290265748902,0.16783000760490577
2026-05-22,71,39,32,0.12006851733359238,-0.008187372313795148,0.12825588964738752,0.25173293241903866,0.2294149788604381
2026-06-22,65,34,31,-0.047453110984441854,0.002773278507180895,-0.05022638949162275,-0.07977964124320286,-0.04044972712144998
