date,hist_rows,hist_has_nan,v_base,v_rmt,realized,n_replaced,replaced_share,lambda_plus,sigma_bar_sq,q,floor_ref,floor_share,exq_base,exq_rmt
2018-11-27,126,True,2.3815287054111406e-07,1.3834466294246643e-07,1.8669041485494498e-07,194,0.97,0.0017089113316088637,0.00033461712713197845,1.5873015873015872,2.2777368097130602e-08,6.985857749326458e-07,0.027371063328373024,0.04975516186766482
2018-12-26,126,True,6.181469515076502e-07,2.999782089561606e-07,2.6582368174449907e-07,194,0.97,0.001887913832183836,0.00036966710391190123,1.5873015873015872,2.56558821698887e-08,7.714486479774191e-07,0.2739261280455294,0.007019902564432856
2019-01-24,126,True,2.081758707496052e-06,1.3216582751953105e-06,1.4457389179318563e-06,194,0.97,0.002080471818299229,0.00040737134223513315,1.5873015873015872,3.0208179269791e-08,9.925317365071203e-07,0.059072098592444444,0.004149209668144138
2019-02-22,126,True,2.8076626268107727e-06,2.276532607239273e-06,2.0075280439159903e-06,194,0.97,0.0021273389362006334,0.0004165482609312947,1.5873015873015872,3.003348563302801e-08,2.3364851543135374e-06,0.05046574237450163,0.007585202751745568
2019-03-25,126,True,2.579990977992804e-06,1.995844041223446e-06,1.1148100131340494e-06,194,0.97,0.002169357762081841,0.00042477584918690733,1.5873015873015872,3.044094543164489e-08,1.9360486407128418e-06,0.27120031876101836,0.14094873515853923
2019-04-23,126,True,2.719356971845714e-06,1.967770292597148e-06,8.733450881146181e-07,194,0.97,0.001891022630694273,0.00037027582901492646,1.5873015873015872,2.7363545854914728e-08,1.213591782327456e-06,0.45697863353636436,0.2561502962877038
2019-05-22,126,True,2.2410485045801536e-06,1.396832747386207e-06,2.2421618063018974e-06,193,0.965,0.0017736555351494025,0.0003472945077464466,1.5873015873015872,2.4804402921922274e-08,2.271947167507182e-06,1.23352924763509e-07,0.13194243129388417
2019-06-20,126,True,2.5688576908457464e-06,1.6877890154318327e-06,1.2018707430291144e-06,194,0.97,0.0017130609554652373,0.0003354296533220827,1.5873015873015872,2.150106183448518e-08,1.635687511305397e-06,0.22744396649429577,0.05163784182005626
2019-07-19,126,True,2.4253275185917905e-06,1.80842540387607e-06,4.512706444212441e-06,194,0.97,0.0013998264098356555,0.0002740960768875558,1.5873015873015872,1.7600639483241403e-08,1.3179189872905057e-06,0.23972807727945256,0.5809382686139442
2019-08-19,126,True,2.579301169156188e-06,1.796361355575146e-06,7.554557294004579e-07,194,0.97,0.0015242045201016687,0.00029845020525308977,1.5873015873015872,2.0221708207612037e-08,1.7132951877236986e-06,0.5208442265224016,0.2867449983267214
2019-09-17,126,True,2.262622487080464e-06,1.5316679719938905e-06,1.7177577716570753e-06,195,0.975,0.0015250415302265692,0.00029861409785429975,1.5873015873015872,2.0964651291536714e-08,2.5732043028333075e-06,0.034693567226042,0.006832369158783491
2019-10-16,126,True,2.0894585031846845e-06,1.527273426213519e-06,4.006675519269853e-06,193,0.965,0.001629995286407842,0.0003191647980138126,1.5873015873015872,2.238917198158724e-08,2.9485916577978963e-06,0.2665095406741982,0.658939515525528
2019-11-14,126,True,3.416351994332915e-06,2.5240668080029087e-06,8.853143241760755e-07,193,0.965,0.0016681192250661224,0.0003266297393439046,1.5873015873015872,2.196147510401025e-08,1.312955361313325e-06,0.6095260961052877,0.39843310644784924
2019-12-13,126,True,3.946185787149694e-06,2.629508844575619e-06,1.654518656376112e-06,194,0.97,0.001545615182466287,0.0003026425669034139,1.5873015873015872,1.9979315347028936e-08,1.387955537103031e-06,0.2885097043570808,0.09249900538112876
2020-01-13,126,True,4.930182164920208e-06,3.6758581710480414e-06,7.3216382430300115e-06,194,0.97,0.0014807290506230458,0.0002899373957067016,1.5873015873015872,1.933044936861755e-08,1.2768510365978876e-06,0.08960627654844755,0.3027699087262896
2020-02-11,126,True,3.892974946481324e-06,3.4248606111144816e-06,5.243964636092388e-06,194,0.97,0.0013161226961990124,0.00025770628786263175,1.5873015873015872,1.7377694741163107e-08,1.4355448155516187e-06,0.04912853218337365,0.10512983032128531
2020-03-11,126,True,2.733917084895054e-06,1.8033537138149957e-06,3.282234125850208e-05,194,0.97,0.0021708529192938143,0.00042506861172035614,1.5873015873015872,3.2764552378590255e-08,4.647432879401975e-06,8.520235612383349,14.29926159880588
2020-04-09,126,True,3.980510086203205e-06,3.573558782149264e-06,4.819249192314512e-06,197,0.985,0.006082185671764804,0.0011909356901818704,1.5873015873015872,1.0243279157384576e-07,1.3404322892821561e-05,0.019503290340182167,0.049529208251613444
2020-05-08,126,True,5.036678331959497e-06,4.150032651397821e-06,4.395828739437519e-06,197,0.985,0.006590574810663757,0.001290481939292005,1.5873015873015872,1.1231668365879319e-07,9.267504876954621e-06,0.008854172582745568,0.0016876315386351592
2020-06-08,126,True,5.4814679009997496e-06,4.391837226299944e-06,1.8475104280703787e-06,197,0.985,0.006999188835652463,0.0013704915036377636,1.5873015873015872,1.2129723461878944e-07,1.403314715632572e-05,0.424580568366816,0.28657777276104346
2020-07-07,126,True,5.085444778528687e-06,4.1357210272252635e-06,4.499882075458261e-06,197,0.985,0.007368251594695807,0.001442756645707025,1.5873015873015872,1.2664714015351666e-07,1.7424890288321737e-05,0.00718646781491894,0.003663108299383211
2020-08-05,126,True,5.668715489400607e-06,4.339974372125024e-06,5.46889436996648e-06,197,0.985,0.007488727536247846,0.0014663467013787319,1.5873015873015872,1.276383878640574e-07,1.8508386171960088e-05,0.0006362714642274003,0.028913324397547235
2020-09-03,126,True,4.277044055305153e-06,3.0268895532495485e-06,4.103180428455506e-06,195,0.975,0.006788486227413739,0.0013292344178288237,1.5873015873015872,1.1674788344361227e-07,1.6724129989056348e-05,0.0008493248719421143,0.051349682000543684
2020-10-02,126,True,3.4786882799629848e-06,1.7895472782352803e-06,1.9126660196280173e-06,195,0.975,0.0029964515483212693,0.000586726759980852,1.5873015873015872,4.646231066071021e-08,7.091181566854142e-06,0.1479811190962257,0.0022634002536456865
2020-11-02,126,True,3.226388707671209e-06,1.7730367943342075e-06,2.9063144542294643e-06,195,0.975,0.0026735315439782243,0.0005234967010842402,1.5873015873015872,4.096287711451789e-08,3.732066098840944e-06,0.0052725845800720705,0.14498124446095817
2020-12-01,126,True,4.0916857016414545e-06,2.0638614400547613e-06,3.640867019456957e-06,194,0.97,0.002785452394245592,0.0005454116083646412,1.5873015873015872,4.1139576940672036e-08,2.2559860607706457e-06,0.006555985598163394,0.19646125463074382
2020-12-30,126,True,4.710686348467151e-06,2.552102388386579e-06,3.4439434160148825e-06,194,0.97,0.0025730775428470317,0.0005038270853202751,1.5873015873015872,3.5537410635491704e-08,2.5042665313866618e-06,0.0443081039487343,0.0497537957650267
2021-01-28,126,True,4.891510622588476e-06,2.975954949204138e-06,3.1132273615551574e-06,193,0.965,0.002564044390834645,0.0005020583292008541,1.5873015873015872,3.5091762908667635e-08,3.883537466021498e-06,0.08829644955250249,0.0010322347908364726
2021-02-26,126,True,3.9437993993446275e-06,2.7925040521507865e-06,9.849398995246099e-06,194,0.97,0.0025923773649991298,0.0005076061292784033,1.5873015873015872,3.5768360328848976e-08,5.5355240139017356e-06,0.5821732794073933,1.2666132083028714
2021-03-29,126,True,4.087886488328438e-06,3.5334263819346096e-06,4.103668353731979e-06,193,0.965,0.0027231365995159904,0.0005332097276575045,1.5873015873015872,3.67489534987859e-08,5.676208955747193e-06,7.433152492408723e-06,0.011771739810605641
2021-04-27,126,True,4.281354799671298e-06,3.6846115637112506e-06,2.606164532260789e-06,194,0.97,0.0024896807025665047,0.00048749738430513696,1.5873015873015872,3.455734091520448e-08,6.491155532952919e-06,0.10511414884184189,0.05359602033789779
2021-05-26,126,True,4.1162211853541984e-06,3.3981917806050498e-06,3.2316168238076233e-06,193,0.965,0.002132933492208601,0.00041764371522686817,1.5873015873015872,2.564966842090597e-08,3.5476934044599556e-06,0.02704607129396064,0.0012421803448419144
2021-06-24,126,True,4.280586879451605e-06,3.4608681772320047e-06,1.6567510511501569e-06,193,0.965,0.0019972975239094075,0.00039108521730567335,1.5873015873015872,2.587582328163064e-08,4.860307769419088e-06,0.3362699309803383,0.21537065598447258
2021-07-23,126,True,4.198901649350659e-06,3.385955895054066e-06,3.6856750301051574e-06,193,0.965,0.0017998434631567597,0.0003524222923618784,1.5873015873015872,2.447780455454231e-08,3.76093444502019e-06,0.008140508555211756,0.0037008881316491493
2021-08-23,126,True,4.484560436436127e-06,3.574162116934985e-06,1.6004014035547347e-06,194,0.97,0.0016007697285395348,0.00031344222362868316,1.5873015873015872,2.2156975622102435e-08,2.3062475762365e-06,0.3872551877625008,0.2512459741253754
2021-09-21,126,True,3.5033613092320514e-06,2.875185237216485e-06,3.897982614710897e-06,193,0.965,0.0013043299480988665,0.000255397182985583,1.5873015873015872,1.8988924158265894e-08,2.8078202103688247e-06,0.0059045078267072615,0.05139065107465557
2021-10-20,126,True,3.982549984755236e-06,3.301181609191032e-06,1.0198728396411246e-05,193,0.965,0.0013389131861181467,0.0002621688296701645,1.5873015873015872,2.043661098662771e-08,3.226433807677767e-06,0.6205131020353161,0.9614349714378196
2021-11-18,126,True,4.187420908927221e-06,3.6204958631695546e-06,8.925123577180632e-06,193,0.965,0.0013794184042902095,0.0002701000426523088,1.5873015873015872,2.0280127505594652e-08,3.581525465982171e-06,0.3746278872447739,0.5629068966509898
2021-12-17,126,True,3.5465591820521836e-06,2.987725109923116e-06,5.092435618912944e-06,194,0.97,0.0016106579654681227,0.00031537841152342276,1.5873015873015872,2.319856016964853e-08,4.294220178867892e-06,0.07410228839369637,0.17120856709778254
2022-01-17,126,True,3.4932597354298487e-06,3.105986914096602e-06,7.867169045163395e-06,193,0.965,0.0017000624800140856,0.0003328844583595886,1.5873015873015872,2.370362982309575e-08,3.56059097106007e-06,0.4402366939535196,0.6035379905309421
2022-02-15,126,True,3.865675529574e-06,3.5462870075313923e-06,5.392861888856007e-06,193,0.965,0.0020973049008596923,0.00041066738084344107,1.5873015873015872,2.7619209519041512e-08,3.760152681683428e-06,0.06212349680013185,0.10153148842170179
2022-03-16,126,True,4.326432855063658e-06,3.848644769956773e-06,4.17306510762673e-06,193,0.965,0.0026960695932025124,0.000527909813188477,1.5873015873015872,3.636016041371794e-08,5.169989197830085e-06,0.0006435711435732738,0.003364970085966368
2022-04-14,126,True,4.550916813487513e-06,4.197567455098999e-06,7.325084892479562e-06,194,0.97,0.00286081565611888,0.0005601682769599587,1.5873015873015872,3.7365860359640594e-08,6.6370156994343335e-06,0.13360840626756,0.18827897741182098
2022-05-13,126,True,3.7789505777195692e-06,3.4544382843049538e-06,7.650112747522254e-06,195,0.975,0.0031807653095637803,0.0006228167197915781,1.5873015873015872,4.356529969647299e-08,1.0108692756229487e-05,0.31912733568725216,0.41951450184761807
2022-06-13,126,True,3.4168594862009734e-06,2.8605185032438793e-06,3.318962103186373e-06,196,0.98,0.003423213097425047,0.0006702897400431688,1.5873015873015872,4.521625681734817e-08,8.426860177162283e-06,0.0004184601237047225,0.011616698342134635
2022-07-12,126,True,3.4854447808933076e-06,3.3394443792688668e-06,2.8124976658790123e-06,195,0.975,0.0036944561661342423,0.0007234010833452721,1.5873015873015872,5.011626245069321e-08,1.0466723956417504e-05,0.021449199250201056,0.013936775247650246
2022-08-10,126,True,4.476115964239081e-06,4.441967907158515e-06,1.6978054077473436e-06,195,0.975,0.0036065831327786054,0.0007061949115387142,1.5873015873015872,5.193253537644721e-08,7.840163031132273e-06,0.34872248444021414,0.3439802173808344
2022-09-08,126,True,3.578096945022887e-06,3.3849166738057225e-06,3.7008971606749907e-06,196,0.98,0.003159312226933245,0.0006186160519481527,1.5873015873015872,4.443746897603368e-08,6.60535537127961e-06,0.0005757933727794651,0.004103585038155
2022-10-07,126,True,3.404813068642598e-06,3.013821297384155e-06,3.7931369265659557e-06,196,0.98,0.003225316575007141,0.0006315401779236725,1.5873015873015872,4.688728178853447e-08,6.684630257931449e-06,0.0060481243555130515,0.02859601581189719
2022-11-07,126,True,2.871218992521749e-06,2.3114133399762993e-06,5.46239761975948e-06,196,0.98,0.003110443837846532,0.0006090472699632098,1.5873015873015872,4.7351348580479716e-08,8.382118682219878e-06,0.2593152436743904,0.5031997423339074
2022-12-06,126,True,2.868508852222573e-06,1.929597037275559e-06,3.594870776420959e-06,196,0.98,0.003045474238803091,0.0005963257552885042,1.5873015873015872,4.7344749972430875e-08,7.592665359948802e-06,0.02750362794274208,0.24081946954355282
2023-01-04,126,True,3.0719224523431795e-06,1.9423051006038454e-06,2.3685117498436503e-06,197,0.985,0.0027331739416846914,0.0005351751114304411,1.5873015873015872,4.077515380726862e-08,4.400958432478303e-06,0.031061149042331593,0.021047078807908015
2023-02-02,126,True,4.130272248220772e-06,2.5900348193807354e-06,5.300153927103347e-06,196,0.98,0.0026176787636590826,0.0005125603250727771,1.5873015873015872,3.819099953105119e-08,4.560531091623398e-06,0.03385311904845523,0.330299423197985
2023-03-03,126,True,5.1455804136030785e-06,3.1906199549827888e-06,3.0685685063293125e-06,196,0.98,0.0026166641296440584,0.0005123616524366268,1.5873015873015872,3.837139243362319e-08,4.482407707648244e-06,0.11327732197881257,0.000750864939803364
2023-04-03,126,True,4.9046882656974706e-06,3.2531873592515786e-06,1.7700641554999446e-06,195,0.975,0.0024790216178367367,0.00048541025886793043,1.5873015873015872,3.7143835259181794e-08,5.868677681594226e-06,0.3800680296458856,0.15272096000670543
2023-05-02,126,True,4.209007300811901e-06,3.2677696143875544e-06,3.7145628667544274e-06,195,0.975,0.002121679287131904,0.00041544006094635435,1.5873015873015872,3.030948032462051e-08,3.534788722330598e-06,0.007492886868171622,0.008573953330014206
2023-05-31,126,True,4.377353413330869e-06,4.1544052715502256e-06,3.820115714180881e-06,195,0.975,0.0019149036848444027,0.000374951911140894,1.5873015873015872,2.7788862177805567e-08,4.698534073126786e-06,0.008863445128044933,0.0034222839176716313
2023-06-29,126,True,5.0888243378648985e-06,5.061053584073485e-06,3.884158346708324e-06,194,0.97,0.0018762712297272673,0.00036738739863152893,1.5873015873015872,2.6257142525511768e-08,2.8991916227246977e-06,0.03341274952102102,0.03212878864208535
2023-07-28,126,True,4.80672566927243e-06,4.724970056953034e-06,2.871103436338724e-06,194,0.97,0.0017956695741479618,0.00035160501488044416,1.5873015873015872,2.574329127449115e-08,3.916829995357136e-06,0.11262930010265615,0.10580958494560266
2023-08-28,126,True,4.1818725709696435e-06,4.306887321184252e-06,1.8947751862119707e-06,193,0.965,0.001759051139411416,0.0003444348620439731,1.5873015873015872,2.4904733137217486e-08,3.910856211786025e-06,0.24475145458212966,0.26105598560873244
2023-09-26,126,True,4.506729932663644e-06,4.208478078404042e-06,4.398876756479652e-06,193,0.965,0.0016203170954590996,0.0003172697386323209,1.5873015873015872,2.1228954925151652e-08,3.90200148915684e-06,0.00029101261203945405,0.0009935492079877761
2023-10-25,126,True,3.5382045031935633e-06,3.212550980925388e-06,3.347383692718257e-06,193,0.965,0.0016421864334444122,0.0003215519122674118,1.5873015873015872,2.2560716892456474e-08,3.5796855332967984e-06,0.0015088045677180695,0.0008568722837454246
2023-11-23,126,True,4.098518550617084e-06,3.477033951583246e-06,2.2877536775584818e-06,193,0.965,0.0016464541684768864,0.0003223875654751078,1.5873015873015872,2.3434968131816462e-08,3.495444109349521e-06,0.14124556227070073,0.07657047913171722
2023-12-22,126,True,4.385299083486876e-06,3.60822312128723e-06,1.9939575898701532e-06,193,0.965,0.0016258866383552966,0.0003183602951807459,1.5873015873015872,2.3084829027572917e-08,3.970053865701531e-06,0.24282778381128245,0.14570886387361814
2024-01-22,126,True,3.522761113722137e-06,2.7042253185352008e-06,4.87092566609939e-06,194,0.97,0.0015319719082704767,0.00029997111571011066,1.5873015873015872,2.0689919089622547e-08,4.268174322582136e-06,0.05866219497368008,0.21275923100446992
2024-02-20,126,True,3.8091703632017845e-06,2.8449968479513e-06,7.876431828723112e-06,193,0.965,0.0016129971826250836,0.0003158364470635483,1.5873015873015872,2.2654672136261563e-08,4.319428409652024e-06,0.34129162594503093,0.7502073780047607
2024-03-20,126,True,4.520018994560123e-06,3.118079918222669e-06,3.007072599036857e-06,194,0.97,0.0017267887938780383,0.00033811766279715524,1.5873015873015872,2.276757572214197e-08,3.665657664888986e-06,0.07282790184661492,0.0006491761725546663
2024-04-18,126,True,3.869742930513706e-06,2.756299123653785e-06,6.9000146962984215e-06,193,0.965,0.001731607073810259,0.0003390611166550681,1.5873015873015872,2.2470488718235866e-08,4.960093066781683e-06,0.20473251351203325,0.5857274172071882
2024-05-17,126,True,4.311231967322839e-06,3.8017427135552443e-06,3.843508839574452e-06,193,0.965,0.0016928861185839304,0.00033147927518793833,1.5873015873015872,2.0823618606223812e-08,5.075868494794268e-06,0.006348556146485551,5.9908249237849986e-05
2024-06-17,126,True,4.62563816376744e-06,4.413000720322473e-06,3.3798543197767843e-06,192,0.96,0.0017332951252997677,0.00033939164927511835,1.5873015873015872,2.15888606690278e-08,4.194043827795421e-06,0.044460227268280805,0.0326080250336398
2024-07-16,126,True,4.37297320965324e-06,4.229948172990787e-06,1.2590581226332473e-05,192,0.96,0.0017680394225818867,0.0003461948325215052,1.5873015873015872,2.238748567775432e-08,4.685939737797209e-06,0.8216750985467232,0.8857739410680248
2024-08-14,126,True,4.772269526205894e-06,3.761988436835661e-06,2.9171514193321515e-06,194,0.97,0.002069947125949399,0.00040531053179230435,1.5873015873015872,2.4517078790581353e-08,5.577717411542002e-06,0.10348568922973556,0.02976812477732227
2024-09-12,126,True,3.999024201860709e-06,2.966141864694008e-06,2.8974739243487163e-06,195,0.975,0.0020401086487589386,0.00039946794339653014,1.5873015873015872,2.504389109862495e-08,5.045891708388978e-06,0.046756318555090326,0.0002721839760320144
2024-10-11,126,True,4.013587100222945e-06,2.7698841195175024e-06,8.614499651197348e-06,195,0.975,0.0020862381804547087,0.00040850043740980945,1.5873015873015872,2.6108676247265416e-08,5.038936533119076e-06,0.38257288866062833,0.9754164741239637
2024-11-11,126,True,4.768575866223362e-06,3.616634103308847e-06,5.857647644987756e-06,194,0.97,0.0021786583362768336,0.0004265969684926564,1.5873015873015872,2.7440744952901857e-08,4.590579816599124e-06,0.02268472409268174,0.13743635006146682
2024-12-10,126,True,4.7766820196779275e-06,3.686222983083833e-06,4.275416491393141e-06,193,0.965,0.0022680919641505076,0.0004441087159277356,1.5873015873015872,2.7492244304372334e-08,4.128352576637451e-06,0.0059245365413469475,0.011557472848733985
2025-01-08,126,True,3.687604611861712e-06,2.7525497177196554e-06,6.797489791625338e-06,194,0.97,0.002358824680804988,0.0004618748342875564,1.5873015873015872,2.8279211817346764e-08,4.248776136368739e-06,0.23175846282697843,0.5654990566377132
2025-02-06,126,True,0.0,0.0,0.0,192,0.96,0.0021856223277432144,0.00042796056809829433,1.5873015873015872,2.6703262671571215e-08,,,
2025-03-07,126,True,4.303397886970082e-07,3.8080234337946144e-07,6.240363808552446e-07,193,0.965,0.0024543049567762078,0.0004805705589002425,1.5873015873015872,3.042589547070292e-08,1.247278522176313e-06,0.07846795161162912,0.14481270301613924
2025-04-07,126,True,7.331087871931301e-07,3.7041796078495874e-07,1.4452312513295912e-06,193,0.965,0.00304529222391695,0.0005962901154649692,1.5873015873015872,3.8562005879626414e-08,2.2478907420531346e-06,0.2926430025768969,1.5402304115449605
2025-05-06,126,True,2.0074299360005703e-06,1.641957676086859e-06,1.511696457850426e-06,195,0.975,0.0037143801946879483,0.0007273023514053651,1.5873015873015872,4.592527128570016e-08,1.509512957906138e-06,0.03667343268022849,0.0033238605996894766
2025-06-04,126,True,3.545838672826422e-06,3.118386027325974e-06,1.452314148859825e-06,195,0.975,0.0035723588017669257,0.0006994935414270417,1.5873015873015872,4.669456209013307e-08,2.762819308929301e-06,0.30219915407167663,0.2298835438778979
2025-07-03,126,True,4.8344697594613875e-06,4.2021478839491564e-06,2.0058225639571846e-06,195,0.975,0.0035076034656103777,0.0006868139809663068,1.5873015873015872,4.7225469512236136e-08,2.8152561056686168e-06,0.2946174422197507,0.216874255098934
2025-08-01,126,True,3.936880647119271e-06,2.8938607275605714e-06,3.623566363396745e-06,196,0.98,0.0032753829503125997,0.0006413435342246994,1.5873015873015872,4.4327067307260595e-08,5.553087962889361e-06,0.0033455718021342395,0.027289224228612907
2025-09-01,126,True,4.329258293021432e-06,2.9682848449912773e-06,4.075443329891831e-06,196,0.98,0.003122066164275737,0.0006113230050516238,1.5873015873015872,4.240691427580917e-08,4.92987779209237e-06,0.0017888819989808624,0.056000796692940336
2025-09-30,126,True,4.265092068602883e-06,2.7655700347103216e-06,1.3657102161789268e-05,194,0.97,0.0026524434979309946,0.0005193675100287232,1.5873015873015872,3.425933961508878e-08,5.834395270711919e-06,1.0382691063186331,2.341246462204579
2025-10-29,126,True,3.708600258529275e-06,2.9391365114857797e-06,7.989785367404771e-06,192,0.96,0.002108474593122724,0.00041285448690732624,1.5873015873015872,2.617567311267927e-08,5.853761515985709e-06,0.38688441008289987,0.7183644158827234
2025-11-27,126,False,4.3137461198129085e-06,3.71626431364666e-06,2.933871338523193e-06,194,0.97,0.002355188868569092,0.0004611629161074472,1.5873015873015872,2.8224987735738524e-08,0.0,0.06560533590459894,0.02586400798807409
2025-12-26,126,False,4.543099316633079e-06,3.970543789604035e-06,8.722573024976657e-06,194,0.97,0.0023925518187574123,0.0004684788504230215,1.5873015873015872,2.73335439538024e-08,0.0,0.2676560758215425,0.40980955383323003
2026-01-26,126,False,3.960577921334996e-06,3.3900349150001756e-06,5.6199051351884935e-06,194,0.97,0.002451100476681682,0.00047994309865502754,1.5873015873015872,2.735149575391369e-08,0.0,0.0690360511079775,0.1522974881961232
2026-02-24,126,False,4.22113005952047e-06,3.5107466232761395e-06,2.567880965125255e-06,194,0.97,0.002808058897393087,0.0005498381242392789,1.5873015873015872,3.242898048964043e-08,0.0,0.10536154034967726,0.044182129239666246
2026-03-25,126,False,4.400664448792098e-06,3.3801478087222453e-06,4.599774537407586e-06,195,0.975,0.003042439452746346,0.0005957315223561191,1.5873015873015872,3.629158635064908e-08,0.0,0.0009937122264240816,0.05273268168212519
2026-04-23,126,False,3.8510080699436205e-06,2.987299337721085e-06,6.865580948432638e-06,195,0.975,0.003188723491342132,0.0006243749890093023,1.5873015873015872,3.997099762613455e-08,0.0,0.20461526677036534,0.466105864588358
2026-05-22,126,False,4.101218487734299e-06,3.402564841783413e-06,5.205885656480779e-06,195,0.975,0.0033356321924604953,0.000653140769076216,1.5873015873015872,4.1641675493115836e-08,0.0,0.030845246931567205,0.10472833981231355
2026-06-22,126,False,3.2115042693564092e-06,3.035775349886299e-06,5.364728674458322e-06,194,0.97,0.0037678284019567365,0.0007377678947228166,1.5873015873015872,4.4615748264873026e-08,0.0,0.15736586808587427,0.19779025258569205
2026-07-21,126,False,2.6933941810235804e-06,2.446676378041202e-06,5.6469923752799515e-06,195,0.975,0.004216568684513654,0.0008256344688394636,1.5873015873015872,4.939457758808613e-08,0.0,0.3562873134923765,0.4716333124027885
2026-08-19,126,False,4.121892921326568e-06,3.6513886697339805e-06,,196,0.98,0.004407824312925986,0.0008630836961594703,1.5873015873015872,4.751192865652546e-08,0.0,,
