,spearman_ic
2014-01-27,-0.09001708540300137
2014-01-28,0.07753561344124418
2014-01-29,0.15446254866314765
2014-01-30,-0.07096453953228117
2014-01-31,0.10996480627637008
2014-02-03,0.184528397926361
2014-02-04,0.13137050010393847
2014-02-05,0.12156027928903666
2014-02-06,0.15493052739460053
2014-02-07,0.18146869384555447
2014-02-10,0.19893684113527724
2014-02-11,0.23222450475882003
2014-02-12,0.21580038845168506
2014-02-13,0.2277639231681741
2014-02-14,0.24129554348155763
2014-02-18,0.28543847846409637
2014-02-19,0.382803543643963
2014-02-20,0.24683278202299722
2014-02-21,0.25761056670750426
2014-02-24,0.2161082960266279
2014-02-25,0.09299828324781252
2014-02-26,0.026705374538009002
2014-02-27,-0.0012815888135867337
2014-02-28,0.13793239795934356
2014-03-03,-0.1067817352532851
2014-03-04,0.024028006022115002
2014-03-05,-0.03437451618940074
2014-03-06,-0.10093353045238337
2014-03-07,-0.17263113470779012
2014-03-10,-0.15922695958271074
2014-03-11,-0.21049051212618008
2014-03-12,-0.29606638760715775
2014-03-13,-0.34739621164854523
2014-03-14,-0.2512332094847636
2014-03-17,-0.09924513659772972
2014-03-18,-0.10890038406365363
2014-03-19,-0.18200192451341912
2014-03-20,-0.17426039399507062
2014-03-21,-0.11336606346183176
2014-03-24,-0.2455583301399555
2014-03-25,-0.11770735635622502
2014-03-26,-0.10615368536532216
2014-03-27,-0.1152624478637978
2014-03-28,-0.15554124473695413
2014-03-31,-0.20541207626263552
2014-04-01,-0.19329254863566214
2014-04-02,-0.17848137863170474
2014-04-03,-0.16864974702516783
2014-04-04,-0.09000383110341774
2014-04-07,-0.11823956746258321
2014-04-08,-0.16018228871423879
2014-04-09,-0.10782882492039217
2014-04-10,0.0327687068167682
2014-04-11,0.03635450463489433
2014-04-14,0.010699278448511682
2014-04-15,-0.08980705573267611
2014-04-16,-0.11740352702730787
2014-04-17,-0.052398324500129684
2014-04-21,-0.09350500531650989
2014-04-22,-0.07513352653208719
2014-04-23,-0.05440889979081627
2014-04-24,-0.012094038589312519
2014-04-25,-0.005175294206655736
2014-04-28,0.034846573166879384
2014-04-29,-0.021375106982375398
2014-04-30,0.06622357852736604
2014-05-01,0.03714364524087375
2014-05-02,0.021968491779119612
2014-05-05,0.012328537735792192
2014-05-06,0.2087185142279989
2014-05-07,0.11195193165240869
2014-05-08,0.17761679047424925
2014-05-09,0.13665215041016576
2014-05-12,0.10395912654070098
2014-05-13,0.10377359082681752
2014-05-14,0.07584842703335792
2014-05-15,0.17147679613529165
2014-05-16,0.12126593870883018
2014-05-19,0.07385850553060784
2014-05-20,0.13863289706992163
2014-05-21,0.023263324125387792
2014-05-22,0.010200386555592912
2014-05-23,0.03351366260394933
2014-05-27,0.12673210627939677
2014-05-28,0.12697778818624247
2014-05-29,0.09467724371153112
2014-05-30,0.07874258028454005
2014-06-02,0.05801457110655977
2014-06-03,0.09992117619623729
2014-06-04,0.06790912956234477
2014-06-05,0.07899335932638253
2014-06-06,0.09760401862669275
2014-06-09,0.06314025005934021
2014-06-10,0.09336116345535779
2014-06-11,0.16274132617777856
2014-06-12,0.28592174879140625
2014-06-13,0.21079711492759365
2014-06-16,0.2568527879046651
2014-06-17,0.20248878488281236
2014-06-18,0.1552526154404824
2014-06-19,0.36887150430230364
2014-06-20,0.37552326547312553
2014-06-23,0.27797633475839695
2014-06-24,0.28910439988340714
2014-06-25,0.1927767038599127
2014-06-26,0.25136521236711196
2014-06-27,0.252774060480227
2014-06-30,0.2330308177836282
2014-07-01,0.2570648287205319
2014-07-02,0.1562791784288376
2014-07-03,0.17540464836382447
2014-07-07,0.1730446748603068
2014-07-08,0.22343800971965364
2014-07-09,0.1717204391881386
2014-07-10,0.2693519823438141
2014-07-11,0.2410577859765863
2014-07-14,0.27195559890017873
2014-07-15,0.24127798220844798
2014-07-16,0.2662702545247498
2014-07-17,0.3320824227494117
2014-07-18,0.23037724930429496
2014-07-21,0.23093181759194664
2014-07-22,0.3198727455780809
2014-07-23,0.31628334311333545
2014-07-24,0.37263013164894276
2014-07-25,0.3066772824983692
2014-07-28,0.28333444306703137
2014-07-29,0.27242147703888603
2014-07-30,0.23517569219028095
2014-07-31,0.3766915288143918
2014-08-01,0.3114064043483988
2014-08-04,0.21179003682497002
2014-08-05,0.19807466597558493
2014-08-06,0.1676580225956903
2014-08-07,0.22844849342150644
2014-08-08,0.16185952182333246
2014-08-11,0.16148335326056873
2014-08-12,0.1818300967407885
2014-08-13,0.14294507327721306
2014-08-14,0.06804981048825641
2014-08-15,0.025432664780025184
2014-08-18,0.11341838966775943
2014-08-19,0.16901080222384057
2014-08-20,0.06184965547815087
2014-08-21,0.10585729961350869
2014-08-22,-0.012843760764932549
2014-08-25,0.056179602507712346
2014-08-26,0.178521036700867
2014-08-27,0.1379682306663391
2014-08-28,0.19708786064020478
2014-08-29,0.20309024681243454
2014-09-02,0.13234914904586859
2014-09-03,0.3312036766759636
2014-09-04,0.3867726424110596
2014-09-05,0.27560616698488566
2014-09-08,0.20284252605159014
2014-09-09,0.38097516106570106
2014-09-10,0.2705742753160463
2014-09-11,0.22260207958017872
2014-09-12,0.09507278138728267
2014-09-15,0.23962752989648467
2014-09-16,0.2342724798688483
2014-09-17,0.24909698729353671
2014-09-18,0.3031867644525617
2014-09-19,0.3153281400149354
2014-09-22,0.483151309784522
2014-09-23,0.38657862876898724
2014-09-24,0.4004625481654466
2014-09-25,0.5189697150981646
2014-09-26,0.41137825867250793
2014-09-29,0.4036988336131933
2014-09-30,0.4228678364888863
2014-10-01,0.4734211634389485
2014-10-02,0.40200883006284244
2014-10-03,0.40311069606883115
2014-10-06,0.3450797659550933
2014-10-07,0.2449057738454219
2014-10-08,0.22734115310980874
2014-10-09,0.27522084959390564
2014-10-10,0.21071429067716466
2014-10-13,0.27438502154125927
2014-10-14,0.35848053596502294
2014-10-15,0.2647047056681094
2014-10-16,0.2517595638771224
2014-10-17,0.32692700767511795
2014-10-20,0.15707043853731723
2014-10-21,0.11260234753152212
2014-10-22,0.1445370949576341
2014-10-23,0.11174817203381762
2014-10-24,-0.020160784211333178
2014-10-27,-0.059902369509663184
2014-10-28,0.006862963754229551
2014-10-29,-0.017754211001213473
2014-10-30,-0.018518687878633963
2014-10-31,-0.08598428196224388
2014-11-03,-0.08969454307399131
2014-11-04,-0.00922162974669757
2014-11-05,0.017946859174323437
2014-11-06,-0.10525317648325315
2014-11-07,-0.1235771775837707
2014-11-10,-0.03303967133961038
2014-11-11,-0.06841762262162422
2014-11-12,-0.08894535573411924
2014-11-13,-0.018761281874402066
2014-11-14,0.19737060160741582
2014-11-17,-0.012305019818960218
2014-11-18,0.15878388604524235
2014-11-19,0.22044149446546302
2014-11-20,0.23563114036855654
2014-11-21,0.22795579251925477
2014-11-24,0.2464051678276693
2014-11-25,0.2879509185567116
2014-11-26,0.28307559468377536
2014-11-28,0.2930107361827321
2014-12-01,0.3532290894683957
2014-12-02,0.2566746405476846
2014-12-03,0.2201927846546755
2014-12-04,0.2969003945350475
2014-12-05,0.47247728932096
2014-12-08,0.459311978189276
2014-12-09,0.329384546010399
2014-12-10,0.3309634455878981
2014-12-11,0.3801458106711196
2014-12-12,0.238462762722522
2014-12-15,-0.016314955866656496
2014-12-16,0.27855600738446545
2014-12-17,-0.01569318133968783
2014-12-18,0.06993536404892971
2014-12-19,-0.06039367331621876
2014-12-22,-0.07500129748996949
2014-12-23,-0.10578423308743459
2014-12-24,-0.005080203676084966
2014-12-26,-0.11371236795753668
2014-12-29,-0.1316449568968149
2014-12-30,-0.15904075027605563
2014-12-31,-0.1384039517957153
2015-01-02,-0.19317413320162893
2015-01-05,-0.35370204582989323
2015-01-06,-0.2865819952948774
2015-01-07,-0.16172763167456286
2015-01-08,-0.14884772524378242
2015-01-09,-0.29159900221576224
2015-01-12,-0.1760794109200035
2015-01-13,-0.12122564670882527
2015-01-14,-0.12364954806149983
2015-01-15,-0.01712428205421899
2015-01-16,-0.09117558961118062
2015-01-20,-0.06974067727081329
2015-01-21,-0.010436638330544538
2015-01-22,-0.06161683632009155
2015-01-23,-0.07160396224671284
2015-01-26,-0.0569066394526781
2015-01-27,-0.00669172093368736
2015-01-28,0.053705010290041086
2015-01-29,0.016860282705883113
2015-01-30,0.07607360372336464
2015-02-02,0.05901557633185542
2015-02-03,0.0582949294620737
2015-02-04,0.0773518090624117
2015-02-05,0.04315522938163831
2015-02-06,0.017050892273986623
2015-02-09,0.03556346433760122
2015-02-10,-0.033322018133004346
2015-02-11,-0.045789107049977705
2015-02-12,-0.011436574086210538
2015-02-13,-0.021921119634406763
2015-02-17,-0.21261325124067718
2015-02-18,-0.014550543233570001
2015-02-19,-0.09682048687405352
2015-02-20,-0.18770761387682083
2015-02-23,-0.20257006367637836
2015-02-24,-0.25747479301271803
2015-02-25,-0.14616492105528814
2015-02-26,-0.15735992044823377
2015-02-27,-0.0476952027310128
2015-03-02,0.095562667585071
2015-03-03,0.17486949884867267
2015-03-04,0.21867810113487973
2015-03-05,0.3075643373238117
2015-03-06,0.2173316025281164
2015-03-09,0.33086763115259477
2015-03-10,0.3003374825759301
2015-03-11,0.279114585156234
2015-03-12,0.3015698193023319
2015-03-13,0.29754765162459684
2015-03-16,0.33188081784080276
2015-03-17,0.3414265857835266
2015-03-18,0.21954348896011971
2015-03-19,0.32025873069900485
2015-03-20,0.11240664145090248
2015-03-23,0.08197230730954114
2015-03-24,-0.020261695159152684
2015-03-25,-0.07172220133708719
2015-03-26,0.05649382193887102
2015-03-27,0.19339939905484216
2015-03-30,0.20990802239711187
2015-03-31,0.20109411365170518
2015-04-01,0.21433893037864102
2015-04-02,0.043687305288322965
2015-04-06,0.06329358893790049
2015-04-07,0.12863189869727498
2015-04-08,0.11612199907516606
2015-04-09,0.21121272960124282
2015-04-10,0.1917328394620655
2015-04-13,0.19260536240482812
2015-04-14,0.18648852808296093
2015-04-15,0.16669673137779603
2015-04-16,0.16921033135075458
2015-04-17,0.09908231912871494
2015-04-20,0.16410158720457926
2015-04-21,0.08000301487330595
2015-04-22,0.16969042282977467
2015-04-23,0.06463601033465087
2015-04-24,-0.051860072759199634
2015-04-27,-0.29468443089303137
2015-04-28,-0.12167821702025818
2015-04-29,-0.06795282068015257
2015-04-30,-0.31072315578131326
2015-05-01,-0.19898823468003757
2015-05-04,-0.07866365138406525
2015-05-05,0.03909025099876775
2015-05-06,-0.0898504963569851
2015-05-07,-0.23884092395121934
2015-05-08,-0.19949584732664477
2015-05-11,-0.2452778192590999
2015-05-12,-0.17100328445393145
2015-05-13,-0.2426582118258057
2015-05-14,-0.2889773561774616
2015-05-15,-0.3533177687861765
2015-05-18,-0.3325474416779134
2015-05-19,-0.37032992756504046
2015-05-20,-0.4760805236698686
2015-05-21,-0.4131844627082268
2015-05-22,-0.10521342368562728
2015-05-26,0.05837035784731253
2015-05-27,0.030285515975890152
2015-05-28,-0.009266479056839572
2015-05-29,0.09638524470517545
2015-06-01,-0.08431262585695107
2015-06-02,-0.22078092219903767
2015-06-03,-0.34362522128298795
2015-06-04,-0.3320591957788675
2015-06-05,-0.27356244442115485
2015-06-08,-0.4444688951372797
2015-06-09,-0.23444780594409367
2015-06-10,-0.18070196576978972
2015-06-11,-0.007519566291311386
2015-06-12,-0.06455126736602032
2015-06-15,0.053213824234474114
2015-06-16,0.0774470483749608
2015-06-17,0.0908014638147891
2015-06-18,0.12455593874050631
2015-06-19,0.07739506980612687
2015-06-22,-0.06496607672906772
2015-06-23,-0.07972697109028523
2015-06-24,-0.06350558086359616
2015-06-25,-0.05797037287659262
2015-06-26,-0.0963692858057669
2015-06-29,-0.12332420457332977
2015-06-30,-0.03795672704654993
2015-07-01,0.01003795740236581
2015-07-02,0.08828714737020907
2015-07-06,-0.0717790385416889
2015-07-07,-0.04571194083660109
2015-07-08,-0.06027360310283509
2015-07-09,-0.06389440134147527
2015-07-10,-0.08456546001656035
2015-07-13,-0.061328352941560846
2015-07-14,-0.05732437988228214
2015-07-15,-0.09677508109653445
2015-07-16,-0.06467603721229909
2015-07-17,-0.10225060852018028
2015-07-20,-0.07626198012676577
2015-07-21,-0.05663853771661795
2015-07-22,-0.07081702516221344
2015-07-23,-0.04275150771438051
2015-07-24,-0.0562991834206801
2015-07-27,-0.399069442121243
2015-07-28,-0.0025701247277935602
2015-07-29,0.013353031050070982
2015-07-30,0.061461852679602455
2015-07-31,0.07650248347163463
2015-08-03,-0.08083765817109292
2015-08-04,0.032321203753648116
2015-08-05,0.03445923772625355
2015-08-06,0.13612081686789906
2015-08-07,0.061382364285959355
2015-08-10,0.2261760714556822
2015-08-11,-0.03990419269080588
2015-08-12,-0.09576313270053959
2015-08-13,0.04032914987220553
2015-08-14,0.008477742906627528
2015-08-17,0.020968630610261812
2015-08-18,-0.04562633795113928
2015-08-19,-0.15556795809727436
2015-08-20,0.04841352713849669
2015-08-21,0.16804355957136188
2015-08-24,0.37521477137255477
2015-08-25,0.49974251175219864
2015-08-26,0.28414756838877675
2015-08-27,0.078607906821207
2015-08-28,-0.0055692829648659025
2015-08-31,0.10745506013986375
2015-09-01,0.21416007594996694
2015-09-02,0.04778679172707994
2015-09-03,0.1297729552781187
2015-09-04,0.0536098261024219
2015-09-08,-0.0772810620965491
2015-09-09,0.1192020180055562
2015-09-10,-0.02461184865223722
2015-09-11,-0.013039153803377716
2015-09-14,-0.026975099740164765
2015-09-15,-0.08084377266291162
2015-09-16,-0.030540867552436637
2015-09-17,0.07715673409623554
2015-09-18,-0.010052224549942776
2015-09-21,-0.058610461328148705
2015-09-22,-0.24899229767716122
2015-09-23,-0.04760698615031199
2015-09-24,-0.1261727790904095
2015-09-25,-0.005939664432152582
2015-09-28,0.08010242254443548
2015-09-29,0.12208257270326582
2015-09-30,0.13922495986094346
2015-10-01,0.06590388348154064
2015-10-02,0.11778245537547652
2015-10-05,0.14547235780802314
2015-10-06,0.26295625053491145
2015-10-07,0.18592912516944946
2015-10-08,0.23495963357258648
2015-10-09,0.29203197276977877
2015-10-12,0.3167912739144766
2015-10-13,0.2716818203637882
2015-10-14,0.27840610336049
2015-10-15,0.27426494771590804
2015-10-16,0.3074237434418778
2015-10-19,0.23230823421549934
2015-10-20,0.28422247058964195
2015-10-21,0.2666918500902848
2015-10-22,0.21112149500237243
2015-10-23,0.2521845585273141
2015-10-26,0.3232842472824087
2015-10-27,0.23993228109856085
2015-10-28,0.07688650541493239
2015-10-29,0.15462386342908377
2015-10-30,0.19742939155841394
2015-11-02,0.15832991241514294
2015-11-03,0.06851758038812347
2015-11-04,-0.06693102051149599
2015-11-05,0.20148087650990454
2015-11-06,0.02240340748075256
2015-11-09,0.11415792520131857
2015-11-10,-0.042283807733162385
2015-11-11,0.12025858928697605
2015-11-12,0.07485057308769943
2015-11-13,0.17102952432420412
2015-11-16,0.015273568394842176
2015-11-17,0.2250805725553075
2015-11-18,-0.008859056883364993
2015-11-19,-0.016562584608030204
2015-11-20,0.054680781053040285
2015-11-23,0.11451660797368393
2015-11-24,-0.024343555204001572
2015-11-25,0.0433853306789776
2015-11-27,0.08462467863465561
2015-11-30,0.10751923695711302
2015-12-01,0.040004337955374544
2015-12-02,0.07738275118238105
2015-12-03,0.23750505847420206
2015-12-04,0.07475376949856674
2015-12-07,0.23402828114661509
2015-12-08,0.1534764861515741
2015-12-09,0.1562491447413643
2015-12-10,-0.009074062749754457
2015-12-11,0.16802453712049545
2015-12-14,-0.018780915276892133
2015-12-15,-0.20206373601499827
2015-12-16,-0.07269236254261466
2015-12-17,0.02618486136782036
2015-12-18,0.1497388486259032
2015-12-21,-0.09506418148375549
2015-12-22,0.012701649879358713
2015-12-23,0.0016711356439749927
2015-12-24,-0.005303817699323072
2015-12-28,-0.07012553895287503
2015-12-29,-0.15914611951930388
2015-12-30,-0.11258868807222008
2015-12-31,-0.03445494483519904
2016-01-04,-0.13110161025498698
2016-01-05,-0.1403376916433951
2016-01-06,-0.14687651934302162
2016-01-07,-0.10216752695579798
2016-01-08,-0.08001682779193921
2016-01-11,-0.07144410573537725
2016-01-12,-0.03640732038023325
2016-01-13,0.052166944691036436
2016-01-14,-0.08063942771783476
2016-01-15,-0.14324791322826863
2016-01-19,-0.021872516218245867
2016-01-20,-0.120171975549331
2016-01-21,-0.06382413479291078
2016-01-22,-0.008687867378372433
2016-01-25,0.07179769358199878
2016-01-26,0.14779360597691035
2016-01-27,0.252844860903714
2016-01-28,0.22584379243173264
2016-01-29,0.05987149140085042
2016-02-01,0.23489747547851184
2016-02-02,0.23351776958708365
2016-02-03,0.19045545720026463
2016-02-04,0.1850334372236848
2016-02-05,0.24063843780665514
2016-02-08,0.20012562626204677
2016-02-09,0.15032374610129445
2016-02-10,0.19116467086380526
2016-02-11,0.13016210594782543
2016-02-12,-0.01433508307282939
2016-02-16,0.018923573197719264
2016-02-17,0.04564747770923644
2016-02-18,0.18790188041745898
2016-02-19,0.186334681258658
2016-02-22,0.15198774884922808
2016-02-23,0.12813024956118754
2016-02-24,-0.009355302650813664
2016-02-25,0.017317652603265246
2016-02-26,0.03228450646832908
2016-02-29,0.0976269291329001
2016-03-01,-0.010450711685736297
2016-03-02,0.17252845147803778
2016-03-03,0.3049537234412708
2016-03-04,0.2455845917187616
2016-03-07,0.24989286092774107
2016-03-08,0.3142957792851505
2016-03-09,0.20548141220395688
2016-03-10,0.16463131657510716
2016-03-11,0.12093315745545864
2016-03-14,0.11425472879045126
2016-03-15,0.048500636125779116
2016-03-16,0.08259587920346402
2016-03-17,-0.03040447886885722
2016-03-18,-0.010356965052049895
2016-03-21,-0.24689500662007374
2016-03-22,-0.17145036519064413
2016-03-23,-0.18863554972456995
2016-03-24,-0.1881933101700058
2016-03-28,-0.1328685305029459
2016-03-29,-0.06677307781343739
2016-03-30,-0.16635034452107414
2016-03-31,-0.19499707400831132
2016-04-01,-0.3156765041617274
2016-04-04,-0.21467979114186067
2016-04-05,-0.251898223700511
2016-04-06,-0.21492027163696928
2016-04-07,-0.12878953295243864
2016-04-08,-0.03330552958739186
2016-04-11,0.020846398173439272
2016-04-12,-0.08298309355999482
2016-04-13,0.060516509000018814
2016-04-14,0.09392801304288226
2016-04-15,0.1442302149116783
2016-04-18,-0.0034421318325289795
2016-04-19,0.24255718684178013
2016-04-20,0.19937259623710923
2016-04-21,0.2490144957295054
2016-04-22,0.15567647508775823
2016-04-25,0.2122046762155099
2016-04-26,0.11532466319665477
2016-04-27,0.05945065053441038
2016-04-28,0.2196911601034881
2016-04-29,0.14674099431823587
2016-05-02,0.1230862730747996
2016-05-03,0.1155906183204825
2016-05-04,0.15251965909688353
2016-05-05,0.016978330548726422
2016-05-06,0.03359390238449242
2016-05-09,-0.036544883375316556
2016-05-10,-0.040311052485152876
2016-05-11,0.1834825418272641
2016-05-12,0.21237994166109753
2016-05-13,0.3000228543063958
2016-05-16,0.3842766223469009
2016-05-17,0.3806775668014621
2016-05-18,0.41601597176064053
2016-05-19,0.27029600056146746
2016-05-20,0.0443676323623873
2016-05-23,0.023295019485922143
2016-05-24,-0.16827622645224044
2016-05-25,-0.09927870405904854
2016-05-26,0.18851938541761068
2016-05-27,0.11213116374042449
2016-05-31,0.1197144512175354
2016-06-01,0.13128298961146717
2016-06-02,0.029110367729925365
2016-06-03,0.1509432890717437
2016-06-06,0.15381173226551784
2016-06-07,0.27878822279127696
2016-06-08,0.2613972032573006
2016-06-09,0.2521071156560079
2016-06-10,0.14747772058079314
2016-06-13,0.10358085935713537
2016-06-14,-0.1491763688237848
2016-06-15,-0.057756078232013786
2016-06-16,-0.16184643016353178
2016-06-17,0.06668340712034605
2016-06-20,0.28983504078904093
2016-06-21,0.28539634148101956
2016-06-22,0.28504988653043933
2016-06-23,0.3371709768897813
2016-06-24,0.1312972554035499
2016-06-27,0.12672608802618904
2016-06-28,-0.001015928193318944
2016-06-29,0.043538178451292396
2016-06-30,-0.09836365539545736
2016-07-01,-0.023361253520591884
2016-07-05,-0.023987929387082507
2016-07-06,-0.14562724355063544
2016-07-07,-0.08885041004658507
2016-07-08,-0.16138075395054607
2016-07-11,-0.18052952286614243
2016-07-12,-0.22919727255631903
2016-07-13,-0.2230283364656943
2016-07-14,-0.18504158910487492
2016-07-15,-0.1943826259636059
2016-07-18,-0.2509271308537378
2016-07-19,-0.07149301702251797
2016-07-20,-0.24320220444094848
2016-07-21,-0.1497388486259032
2016-07-22,-0.21833896681107662
2016-07-25,-0.2610670520691007
2016-07-26,-0.30316438552003905
2016-07-27,-0.18561731571392728
2016-07-28,-0.12391776495619201
2016-07-29,0.028006806813812617
2016-08-01,-0.0052977037884304815
2016-08-02,0.008117235695063897
2016-08-03,-0.10777500222945309
2016-08-04,-0.14434332226319124
2016-08-05,-0.2214081500791575
2016-08-08,-0.269429863185017
2016-08-09,-0.18717840096183563
2016-08-10,-0.07156740293837785
2016-08-11,-0.1692177687296995
2016-08-12,0.028600875155542747
2016-08-15,-0.02692668255612146
2016-08-16,-0.0009456182180541424
2016-08-17,0.04976213973995047
2016-08-18,0.18421315417892878
2016-08-19,0.04690184842736645
2016-08-22,-0.012770940869474747
2016-08-23,0.0006439986140196315
2016-08-24,-0.044357670928228315
2016-08-25,-0.1296393306662026
2016-08-26,-0.1960102663332473
2016-08-29,-0.10517969478006388
2016-08-30,-0.10601722792587766
2016-08-31,-0.15806756947563175
2016-09-01,-0.022957782045591832
2016-09-02,0.028481221441524426
2016-09-06,0.06630063178984137
2016-09-07,0.15103648191458316
2016-09-08,0.08615213762962533
2016-09-09,0.25613554902113217
2016-09-12,0.014257317368396505
2016-09-13,0.18006460014099113
2016-09-14,0.15987267696504068
2016-09-15,0.07723443726335588
2016-09-16,-0.03766870051891696
2016-09-19,0.05411036035107237
2016-09-20,0.06299749622391235
2016-09-21,0.0753200811582239
2016-09-22,0.1535336010277702
2016-09-23,0.24035713869639608
2016-09-26,0.20232166425632553
2016-09-27,0.09770144088017148
2016-09-28,0.08724736531084773
2016-09-29,0.07088517316160892
2016-09-30,-0.024332393219194923
2016-10-03,-0.026116340819027868
2016-10-04,0.01797905385165736
2016-10-05,-0.022551502068704918
2016-10-06,-0.0008282977719384278
2016-10-07,0.16615979326348107
2016-10-10,0.16979187389934886
2016-10-11,0.27405041743658765
2016-10-12,0.020041138341698416
2016-10-13,0.00439109888936608
2016-10-14,0.1734208980858737
2016-10-17,0.19765854137543726
2016-10-18,0.2818983605328259
2016-10-19,0.31039567539000884
2016-10-20,0.3042328546981816
2016-10-21,0.2754105373941987
2016-10-24,0.24665240552641765
2016-10-25,0.3019731198172967
2016-10-26,0.3040667876172149
2016-10-27,0.3263483033272929
2016-10-28,0.37609914809887623
2016-10-31,0.3400116507067102
2016-11-01,0.3858278263574742
2016-11-02,0.27613084062268634
2016-11-03,0.33934840119929083
2016-11-04,0.27841706473121014
2016-11-07,0.19311665765181918
2016-11-08,0.16537937986458215
2016-11-09,0.14542280328803858
2016-11-10,0.2384336132432352
2016-11-11,0.11109072663517126
2016-11-14,0.0784763745130397
2016-11-15,0.05909339159652237
2016-11-16,0.11902526912945965
2016-11-17,-0.026159131109829117
2016-11-18,-0.027156552412077234
2016-11-21,0.008983923435366612
2016-11-22,-0.0778263696194398
2016-11-23,-0.19031898768657574
2016-11-25,-0.12826899075897671
2016-11-28,-0.08609712154145228
2016-11-29,-0.11731365749740978
2016-11-30,-0.14626943975603468
2016-12-01,-0.15134823974756365
2016-12-02,-0.17849562281161205
2016-12-05,0.004308574757106532
2016-12-06,-0.049052955504944006
2016-12-07,-0.15676834324905498
2016-12-08,-0.12633222069199643
2016-12-09,-0.17721395172046994
2016-12-12,-0.1011970001120543
2016-12-13,-0.10087403529814966
2016-12-14,-0.16453681866237663
2016-12-15,-0.3249545624269094
2016-12-16,-0.12273172336600578
2016-12-19,-0.34690292515860627
2016-12-20,-0.23858745452683022
2016-12-21,-0.22406218843270204
2016-12-22,-0.16374621709900122
2016-12-23,-0.18857171747885812
2016-12-27,-0.08494585895560922
2016-12-28,0.012210515125070178
2016-12-29,0.0523406761815065
2016-12-30,0.14417271550677357
2017-01-03,0.04709580910901078
2017-01-04,0.08589335825192254
2017-01-05,0.1573225793965759
2017-01-06,0.07043995037398641
2017-01-09,0.12141235606630064
2017-01-10,0.13429019596458075
2017-01-11,0.06679258749140392
2017-01-12,0.1381250210735306
2017-01-13,0.16705431410451668
2017-01-17,0.1608487031218882
2017-01-18,-0.015274096183149947
2017-01-19,0.16049517381455408
2017-01-20,0.13186337518628147
2017-01-23,0.1616240224385489
2017-01-24,0.18232637265477133
2017-01-25,0.1250607377653308
2017-01-26,0.11494185280728349
2017-01-27,0.09643912730153466
2017-01-30,0.02955178988049943
2017-01-31,0.056916180847897006
2017-02-01,0.08670331732780329
2017-02-02,0.06315439395685025
2017-02-03,0.14181924951270497
2017-02-06,0.07310823065037847
2017-02-07,0.04081888097504687
2017-02-08,0.009702189030958975
2017-02-09,0.05494884628748728
2017-02-10,-0.01769582287921101
2017-02-13,-0.0007906015633754243
2017-02-14,-0.048601619818635616
2017-02-15,-0.11578950809172725
2017-02-16,-0.10963280029858588
2017-02-17,-0.2118771437188231
2017-02-21,-0.2826094944132847
2017-02-22,-0.30798719330776725
2017-02-23,-0.2529548040715728
2017-02-24,-0.36233595670758945
2017-02-27,-0.37932370215568456
2017-02-28,-0.3739759346219763
2017-03-01,0.35240555279235714
2017-03-02,0.32554547596654565
2017-03-03,0.30147389975794886
2017-03-06,0.35568104767154785
2017-03-07,0.39294527806074825
2017-03-08,0.38222631021503584
2017-03-09,0.3088328109593157
2017-03-10,0.29436765503559886
2017-03-13,0.34248126177581073
2017-03-14,0.382045979703802
2017-03-15,0.3299335184065688
2017-03-16,0.2819024357986165
2017-03-17,0.22195935128475505
2017-03-20,0.2253041256823859
2017-03-21,0.01748492787454772
2017-03-22,0.055928947710125375
2017-03-23,0.06310549076736312
2017-03-24,0.24567230410377955
2017-03-27,0.16579709460811812
2017-03-28,0.22591134028518453
2017-03-29,0.14747368079715548
2017-03-30,0.21352355109822346
2017-03-31,0.19612012853948765
2017-04-03,0.24994420146877075
2017-04-04,0.2082654394119083
2017-04-05,0.27998298561124624
2017-04-06,0.3179501993493243
2017-04-07,0.32034238036840357
2017-04-10,0.2701126918664252
2017-04-11,0.218023663347488
2017-04-12,0.1731723068726474
2017-04-13,0.26734762402750656
2017-04-17,0.36125906772242466
2017-04-18,0.47186381891206747
2017-04-19,0.4091882686856122
2017-04-20,0.4360126869357559
2017-04-21,0.3664102036817367
2017-04-24,0.20583148691847544
2017-04-25,0.20549425867430374
2017-04-26,0.16266423403159824
2017-04-27,0.2047474662181772
2017-04-28,0.16023741325329896
2017-05-01,0.18856967984596282
2017-05-02,0.14539223879460914
2017-05-03,0.1362809633032864
2017-05-04,0.033603622892798474
2017-05-05,-0.044583407749108975
2017-05-08,0.007420040188225792
2017-05-09,-0.0634773587707549
2017-05-10,-0.0918829801476495
2017-05-11,-0.001381515103011695
2017-05-12,-0.20046945595450014
2017-05-15,-0.19320427586631697
2017-05-16,-0.2367688671677772
2017-05-17,-0.24223277977651742
2017-05-18,-0.12644530931768544
2017-05-19,-0.20292786004267654
2017-05-22,-0.14720776970431917
2017-05-23,-0.13434011797051557
2017-05-24,-0.1361851945572074
2017-05-25,-0.1257565893990749
2017-05-26,-0.020270372042419382
2017-05-30,0.062319983286225934
2017-05-31,0.06659289946766477
2017-06-01,0.07524774519044083
2017-06-02,0.10104825291069758
2017-06-05,0.106558012259582
2017-06-06,0.10482704311502676
2017-06-07,0.14325170543809912
2017-06-08,0.12535211926935833
2017-06-09,0.0971064520747446
2017-06-12,0.1049360564749252
2017-06-13,0.12915637988487874
2017-06-14,0.11656278977549263
2017-06-15,0.12400931919135731
2017-06-16,0.08339725795518313
2017-06-19,0.04692668557870108
2017-06-20,0.05296724829681048
2017-06-21,0.09275304939394154
2017-06-22,0.015034674317952494
2017-06-23,0.010268650975851678
2017-06-26,0.1442695030693002
2017-06-27,0.11004542095988364
2017-06-28,0.0034211856312044778
2017-06-29,0.0023361461144585666
2017-06-30,-0.08970475058257649
2017-07-03,-0.09359662941259468
2017-07-05,-0.21779137319742406
2017-07-06,-0.11464639603746536
2017-07-07,-0.2160390089074682
2017-07-10,-0.22067360492782237
2017-07-11,-0.17682476383746812
2017-07-12,-0.21098975459292107
2017-07-13,-0.1777651314186479
2017-07-14,-0.08276559175764091
2017-07-17,-0.007457736396788796
2017-07-18,-0.11013915207306733
2017-07-19,-0.11669014183144873
2017-07-20,-0.0980468196559244
2017-07-21,-0.18068811580695215
2017-07-24,-0.16653268008332053
2017-07-25,-0.22703000074470284
2017-07-26,-0.11476050347960202
2017-07-27,-0.17465774125331926
2017-07-28,-0.13631560306250648
2017-07-31,0.002094686616365815
2017-08-01,0.12337357772802447
2017-08-02,0.14295217340249036
2017-08-03,0.19362912232498647
2017-08-04,0.15809484226389364
2017-08-07,0.09163948301666144
2017-08-08,0.14197512842919524
2017-08-09,-0.05784432263170502
2017-08-10,-0.01938094528362203
2017-08-11,-0.018233757963569547
2017-08-14,-0.1334608793761947
2017-08-15,-0.07111746331167283
2017-08-16,-0.07595174735576611
2017-08-17,0.04811666318955481
2017-08-18,0.05325047926925683
2017-08-21,-0.018931647230208935
2017-08-22,-0.027963455038615043
2017-08-23,-0.03313191087753711
2017-08-24,-0.07602102687420623
2017-08-25,-0.000760037069945962
2017-08-28,0.04132421393308065
2017-08-29,-0.0074801503586370685
2017-08-30,-0.1303045860213789
2017-08-31,-0.13353932824266362
2017-09-01,-0.10309505515402392
2017-09-05,-0.018257190741865468
2017-09-06,0.052431350845347245
2017-09-07,0.14452930126345062
2017-09-08,0.12985732560086108
2017-09-11,0.12046893203577794
2017-09-12,0.14372749271915106
2017-09-13,0.11185891423669841
2017-09-14,0.16334480341862762
2017-09-15,0.17123859325501006
2017-09-18,0.23461712683034303
2017-09-19,0.14860558587049325
2017-09-20,0.1250729635627026
2017-09-21,0.27158080636748705
2017-09-22,0.33483402551975927
2017-09-25,0.2736500225726617
2017-09-26,0.1923454136009491
2017-09-27,0.15441589607143402
2017-09-28,0.1894906899146373
2017-09-29,0.19771253864716265
2017-10-02,0.14045301665640803
2017-10-03,0.10452547344652276
2017-10-04,0.09850630587381397
2017-10-05,0.08886117056392333
2017-10-06,0.0593511521577775
2017-10-09,0.1263424088564729
2017-10-10,0.1595680508471937
2017-10-11,0.21660241440301797
2017-10-12,0.2156416704928852
2017-10-13,0.24827232367817914
2017-10-16,0.14489301873526123
2017-10-17,0.10971226798150249
2017-10-18,0.1981373851058322
2017-10-19,0.19242488128386567
2017-10-20,0.14173876301334074
2017-10-23,0.14007605457077799
2017-10-24,0.09798874711840841
2017-10-25,0.13071822549912426
2017-10-26,0.10335281571527904
2017-10-27,0.08664116952449671
2017-10-30,0.15326259585269564
2017-10-31,0.18104470156362923
2017-11-01,0.16904100617743173
2017-11-02,0.21802468216393558
2017-11-03,0.06123596258592767
2017-11-06,0.12279081471996942
2017-11-07,0.1043695945300325
2017-11-08,0.11024612780007044
2017-11-09,0.14006280995695855
2017-11-10,0.012999079055550308
2017-11-13,-0.06374632631293418
2017-11-14,-0.01643962219926011
2017-11-15,0.07743718173643797
2017-11-16,0.04349734941591542
2017-11-17,-0.009303831799928318
2017-11-20,-0.018922477882180096
2017-11-21,-0.035651443952572456
2017-11-22,0.1298267611074316
2017-11-24,0.0379560067571539
2017-11-27,-0.017354519369248683
2017-11-28,-0.04584674014419341
2017-11-29,0.025708814239968368
2017-11-30,-0.019048811121688543
2017-12-01,-0.10117458615020604
2017-12-04,0.0878321659517981
2017-12-05,0.09908805006542142
2017-12-06,0.07844173475381964
2017-12-07,0.035450737112385645
2017-12-08,0.037845974580807844
2017-12-11,0.027741353053027613
2017-12-12,0.09823020661650117
2017-12-13,0.10920489739057342
2017-12-14,-0.02595434900385172
2017-12-15,-0.10647752576021775
2017-12-18,-0.0742024395151532
2017-12-19,0.018120669337880535
2017-12-20,-0.02426820778299305
2017-12-21,0.02261466868845914
2017-12-22,-0.0011390367884712943
2017-12-26,-0.02648922763886731
2017-12-27,0.0008507117337867
2017-12-28,-0.012679170690988603
2017-12-29,0.057561091659258656
2018-01-02,-0.030729541693981375
2018-01-03,-0.02646375722767609
2018-01-04,-0.03141418634680133
2018-01-05,-0.0907021718848246
2018-01-08,0.015648001819437037
2018-01-09,-0.036774179677881366
2018-01-10,-0.1019784323274009
2018-01-11,0.021209720807151524
2018-01-12,0.0966551163884362
2018-01-16,0.06921125773812203
2018-01-17,0.040434787174283296
2018-01-18,0.07014958768640653
2018-01-19,0.10926398874453705
2018-01-22,0.04700411562872239
2018-01-23,0.03464994738453374
2018-01-24,0.05487141623746598
2018-01-25,0.12034157997982184
2018-01-26,0.18883762857169445
2018-01-29,0.21788102904481713
2018-01-30,0.24692239188504456
2018-01-31,0.12272662928376754
2018-02-01,0.3155967333552557
2018-02-02,0.3425576730093844
2018-02-05,0.39235742097045495
2018-02-06,0.1820788002579927
2018-02-07,0.2515101223488068
2018-02-08,0.4073411544660249
2018-02-09,0.269655243281431
2018-02-12,0.2805626921699584
2018-02-13,0.22597756335428168
2018-02-14,0.22026913479810578
2018-02-15,0.24345230306435292
2018-02-16,0.1768471777993164
2018-02-20,0.13418729550336825
2018-02-21,0.057932959662650454
2018-02-22,0.006558121473514956
2018-02-23,0.04046127640192216
2018-02-26,-0.16343140281667776
2018-02-27,-0.13902973007904273
2018-02-28,-0.06821791170166451
2018-03-01,-0.06562706147529375
2018-03-02,-0.4201863922379804
2018-03-05,-0.2754838921784294
2018-03-06,-0.10471667422035628
2018-03-07,-0.20699447580637526
2018-03-08,-0.39292438625761567
2018-03-09,-0.4865173970300483
2018-03-12,-0.421895422170433
2018-03-13,-0.41003928193717576
2018-03-14,-0.3496573187334134
2018-03-15,-0.3504906511540015
2018-03-16,-0.3248427574856321
2018-03-19,-0.21270860972700936
2018-03-20,-0.2712242343066673
2018-03-21,-0.2412038922896865
2018-03-22,-0.15127632167529298
2018-03-23,-0.08462399044131078
2018-03-26,-0.3200628116208407
2018-03-27,-0.0929277710772688
2018-03-28,0.0023706168003771676
2018-03-29,-0.12313046823274017
2018-04-02,0.07357775152146136
2018-04-03,-0.14226553284876267
2018-04-04,-0.2544139430204518
2018-04-05,-0.12026168571883294
2018-04-06,0.060756860918648
2018-04-09,0.13063759122456628
2018-04-10,0.11222889093113465
2018-04-11,0.15690895609269107
2018-04-12,0.06312442148765382
2018-04-13,0.11130692780077739
2018-04-16,0.05720552006513929
2018-04-17,0.02414932155261743
2018-04-18,-0.03634979718704672
2018-04-19,0.030720219001019983
2018-04-20,0.09154329826604725
2018-04-23,0.053978139736993655
2018-04-24,0.3287842772108832
2018-04-25,0.2588740033350419
2018-04-26,0.24781961446486886
2018-04-27,0.3093242333257072
2018-04-30,0.3652359487769749
2018-05-01,0.3517589871731118
2018-05-02,0.4113106741876574
2018-05-03,0.44036117211612985
2018-05-04,0.38629440166936707
2018-05-07,0.3579702680634855
2018-05-08,0.3996776388445088
2018-05-09,0.34548046919256836
2018-05-10,0.3538372245056298
2018-05-11,0.3404713059749257
2018-05-14,0.38611714024982874
2018-05-15,0.33155322283332633
2018-05-16,0.3371176014167643
2018-05-17,0.3476656746230837
2018-05-18,0.3643954851498537
2018-05-21,0.3923722271231918
2018-05-22,0.37910512674016134
2018-05-23,0.2886977278004659
2018-05-24,0.23596347423161165
2018-05-25,0.18399837222454724
2018-05-29,0.09696301523124129
2018-05-30,0.17941708139889356
2018-05-31,0.09611440165379641
2018-06-01,0.21338098062870633
2018-06-04,0.0852372742031617
2018-06-05,0.04567945281998789
2018-06-06,0.04799709494326165
2018-06-07,0.104131915284638
2018-06-08,0.08098198139045201
2018-06-11,0.12307341858047498
2018-06-12,0.12702716323121144
2018-06-13,0.20361632139724303
2018-06-14,0.10754063200748372
2018-06-15,0.06631920201450504
2018-06-18,0.08397505064679413
2018-06-19,0.03482983145169531
2018-06-20,-0.020447206618122105
2018-06-21,-0.07917880488135548
2018-06-22,0.05984916020135704
2018-06-25,0.013434174364664252
2018-06-26,0.05710670191746563
2018-06-27,0.12767504012221179
2018-06-28,-0.09676731841582706
2018-06-29,-0.08924743437652273
2018-07-02,-0.16599670331302585
2018-07-03,-0.0564296906471502
2018-07-05,0.08252043749801659
2018-07-06,0.14970351476041824
2018-07-09,0.14197015227726834
2018-07-10,0.11786451171302398
2018-07-11,0.07192169716119162
2018-07-12,0.17096109400974066
2018-07-13,0.2207196588068153
2018-07-16,0.2713348829622052
2018-07-17,0.27134405054154503
2018-07-18,0.2967993625086047
2018-07-19,0.28906905588523474
2018-07-20,0.29634200216153744
2018-07-23,0.244248760492574
2018-07-24,0.2603154525956725
2018-07-25,0.2274720903005983
2018-07-26,0.23921372219512801
2018-07-27,0.328937839814435
2018-07-30,0.37696169487641945
2018-07-31,0.3123098881317506
2018-08-01,0.30224897911619847
2018-08-02,0.3202510490799378
2018-08-03,0.2959376100506562
2018-08-06,0.32212123526527275
2018-08-07,0.4007403584442082
2018-08-08,0.3881308623721701
2018-08-09,0.39541501346766605
2018-08-10,0.3406682668897714
2018-08-13,0.32245636122114163
2018-08-14,0.2531698338102014
2018-08-15,0.2048312251908811
2018-08-16,0.21917033789837603
2018-08-17,0.16330107216130973
2018-08-20,0.24540998720895849
2018-08-21,0.21431661394787427
2018-08-22,0.1977375560216693
2018-08-23,0.11754975815568817
2018-08-24,0.11406607800653476
2018-08-27,0.08190315382246482
2018-08-28,0.03537972591244025
2018-08-29,0.09435476380587167
2018-08-30,0.1579828575242542
2018-08-31,0.06790324155054536
2018-09-04,0.07767689974678135
2018-09-05,-0.033123482774903755
2018-09-06,-0.06764553070910215
2018-09-07,-0.04877355932800116
2018-09-10,-0.022584841013751338
2018-09-11,-0.13182062332809738
2018-09-12,-0.140720305627265
2018-09-13,-0.06175587029319424
2018-09-14,-0.09102285802578956
2018-09-17,0.039046757648391224
2018-09-18,0.01570711926898997
2018-09-19,0.016516922110679146
2018-09-20,-0.011811916669468724
2018-09-21,0.042424501325172725
2018-09-24,0.0894317737003575
2018-09-25,0.003941040496220636
2018-09-26,0.16633859678258914
2018-09-27,0.008438247472393834
2018-09-28,-0.07164361392121535
2018-10-01,0.012278444595875819
2018-10-02,-0.025301500358135016
2018-10-03,-0.004371916725194875
2018-10-04,-0.013647469777297513
2018-10-05,0.02657273802659801
2018-10-08,0.015900657055054054
2018-10-09,0.09777732675942591
2018-10-10,0.22734985590940002
2018-10-11,0.1609419484111813
2018-10-12,0.04772641804340182
2018-10-15,0.035891073115620085
2018-10-16,-0.03517396468725634
2018-10-17,0.0563286633239868
2018-10-18,0.09453709677274257
2018-10-19,0.003031412901719466
2018-10-22,0.0007252573877769688
2018-10-23,-0.08649814831159673
2018-10-24,0.049176932818955764
2018-10-25,-0.03900703147125175
2018-10-26,0.061712069636348156
2018-10-29,0.15284188275443628
2018-10-30,0.17123510277001033
2018-10-31,0.14940098464220228
2018-11-01,0.17547867338444692
2018-11-02,0.18270374452419696
2018-11-05,-0.026809057849581524
2018-11-06,0.047168214323595956
2018-11-07,0.11975099581718542
2018-11-08,-0.04468074446270922
2018-11-09,0.11605747996314147
2018-11-12,0.08600513626709666
2018-11-13,0.08011343861133544
2018-11-14,0.10867044825505358
2018-11-15,-0.049268608612354534
2018-11-16,-0.2506406005323219
2018-11-19,-0.04128568424717461
2018-11-20,-0.18116053533531762
2018-11-21,-0.156999889295034
2018-11-23,-0.3940337648471245
2018-11-26,-0.3677564265992559
2018-11-27,-0.03525341704153527
2018-11-28,-0.10632762242375157
2018-11-29,-0.1864848616919331
2018-11-30,-0.27337956294528326
2018-12-03,-0.21999845393160045
2018-12-04,-0.05795549766771365
2018-12-06,-0.33340377211518724
2018-12-07,-0.11570015177021144
2018-12-10,-0.2059391605467
2018-12-11,-0.2192060080681322
2018-12-12,-0.08357553726130934
2018-12-13,-0.060826840712851264
2018-12-14,-0.05531027670701043
2018-12-17,0.13000492003055644
2018-12-18,0.10736724738841975
2018-12-19,0.3161176554713311
2018-12-20,0.30331731207003837
2018-12-21,0.3497324348880148
2018-12-24,0.45302642905277185
2018-12-26,0.0688378776231057
2018-12-27,0.030504072903788967
2018-12-28,0.11615239593908022
2018-12-31,0.08955656825139377
2019-01-02,0.13738750051695495
2019-01-03,0.2440234161187806
2019-01-04,0.18150677118035882
2019-01-07,0.1678111065528596
2019-01-08,0.1504475787449629
2019-01-09,0.21354073314189756
2019-01-10,0.21938018318722355
2019-01-11,0.22606606319725664
2019-01-14,0.24662891292951564
2019-01-15,0.21535582122506014
2019-01-16,0.13223762097235908
2019-01-17,0.0945363469486899
2019-01-18,0.08151090003091065
2019-01-22,0.13521591365202645
2019-01-23,0.12453113587852756
2019-01-24,0.1672295042546072
2019-01-25,0.1790520224259134
2019-01-28,0.1627987336812306
2019-01-29,0.22643784049824112
2019-01-30,0.18835664063000424
2019-01-31,0.12450363454393418
2019-02-01,0.07238554978565068
2019-02-04,0.0011835759554628949
2019-02-05,0.010464767096751964
2019-02-06,0.042076023359911126
2019-02-07,0.025355211927141005
2019-02-08,0.04950953224370476
2019-02-11,0.03734681237779906
2019-02-12,-0.018353575853258093
2019-02-13,-0.03443370804679744
2019-02-14,-0.07032193112319989
2019-02-15,-0.09389668627740702
2019-02-19,-0.08484772862823976
2019-02-20,0.06173031048264092
2019-02-21,0.010174475231599705
2019-02-22,-0.016958137764631447
2019-02-25,0.014011420691349037
2019-02-26,0.03144217398380732
2019-02-27,0.048794497544277095
2019-02-28,0.09046411229297506
2019-03-01,0.03653297658742483
2019-03-04,0.023593089377269394
2019-03-05,0.019422053630607988
2019-03-06,0.020408027404177763
2019-03-07,0.01444431206920767
2019-03-08,0.025805418960113978
2019-03-11,-0.045557488605842425
2019-03-12,-0.02305324836488098
2019-03-13,-0.03012109135537756
2019-03-14,0.0024292845557478526
2019-03-15,0.008569212145705107
2019-03-18,0.1266955927678207
2019-03-19,0.07489224550543913
2019-03-20,0.07324929540547213
2019-03-21,-0.03974248419126612
2019-03-22,-0.03310855114657608
2019-03-25,0.002473082977507667
2019-03-26,0.0036790674278244207
2019-03-27,-0.0022754807956145502
2019-03-28,-0.05594484453855379
2019-03-29,-0.07222970888962157
2019-04-01,-0.03295780309028648
2019-04-02,-0.023712261827174
2019-04-03,-0.01867035048505582
2019-04-04,-0.009403419295037388
2019-04-05,-0.0034183140331613382
2019-04-08,-0.012602741219399655
2019-04-09,0.05611087111406193
2019-04-10,0.015185829535280809
2019-04-11,-0.029388741000835546
2019-04-12,-0.08900660848016685
2019-04-15,-0.03329446862965366
2019-04-16,-0.06472096774458418
2019-04-17,0.003984458419627554
2019-04-18,-0.027015279939213
2019-04-22,-0.014946811684057865
2019-04-23,-0.04619608795517059
2019-04-24,-0.08730262102207971
2019-04-25,-0.14786598159158218
2019-04-26,-0.17032235665189618
2019-04-29,-0.16217112435836872
2019-04-30,-0.11981079059755328
2019-05-01,-0.07094311919793407
2019-05-02,-0.14571791850185967
2019-05-03,-0.19474549786975126
2019-05-06,-0.15843314828474062
2019-05-07,-0.09902886585469016
2019-05-08,-0.06606541690458122
2019-05-09,-0.13249546471770707
2019-05-10,-0.13958030438205504
2019-05-13,-0.12163496366236742
2019-05-14,-0.06087706537350177
2019-05-15,0.005771737330313025
2019-05-16,0.02726272540282672
2019-05-17,0.08476927293793601
2019-05-20,0.10532631304293656
2019-05-21,-0.016207103606365125
2019-05-22,0.005980526134391756
2019-05-23,0.0012710654999524714
2019-05-24,0.05730285114088613
2019-05-28,0.08586210409294323
2019-05-29,0.056656115089227625
2019-05-30,0.05625381471063691
2019-05-31,0.144912670296264
2019-06-03,0.1723414082603826
2019-06-04,0.07731296642739752
2019-06-05,0.003283585874877218
2019-06-06,0.0874957491746129
2019-06-07,0.09756140649515
2019-06-10,0.16231750870066128
2019-06-11,0.3029148708853078
2019-06-12,0.23868532385886335
2019-06-13,0.2055479944466409
2019-06-14,0.16992455054292488
2019-06-17,0.16075210191105632
2019-06-18,0.10828907709691232
2019-06-19,0.14478739701381677
2019-06-20,0.11201264718331155
2019-06-21,0.17859285059909116
2019-06-24,0.22298644275608498
2019-06-25,0.2979589376138585
2019-06-26,0.26519539108503554
2019-06-27,0.2928879158796731
2019-06-28,0.2449866718141566
2019-07-01,0.23911716021461646
2019-07-02,0.2212438201035059
2019-07-03,0.05544921395345546
2019-07-05,-0.002897581207824344
2019-07-08,0.1301986612595546
2019-07-09,0.07843940748745155
2019-07-10,0.10625618708256525
2019-07-11,0.060902166426809234
2019-07-12,-0.05654917448226047
2019-07-15,0.06314078979932168
2019-07-16,-0.022482989512380452
2019-07-17,0.03304261058890868
2019-07-18,0.04515745363533067
2019-07-19,0.07732009580119532
2019-07-22,0.011570973673846175
2019-07-23,0.004223644734217066
2019-07-24,-0.0016275341898429883
2019-07-25,-0.10688051653085923
2019-07-26,-0.057615525106018674
2019-07-29,-0.08481204918072288
2019-07-30,-0.07331542469076816
2019-07-31,0.01622543628184521
2019-08-01,0.12615121390634054
2019-08-02,0.024466992392113956
2019-08-05,0.1118221910547129
2019-08-06,-0.07780794866535978
2019-08-07,-0.027598824453294923
2019-08-08,-0.10662895148399361
2019-08-09,-0.11501411355218968
2019-08-12,-0.03187848569592336
2019-08-13,-0.1330697619361299
2019-08-14,-0.03093333442672793
2019-08-15,-0.11955552466139487
2019-08-16,-0.11092083451027542
2019-08-19,-0.16409068581237382
2019-08-20,-0.08429567882136718
2019-08-21,-0.13846058700924566
2019-08-22,-0.2147691280303367
2019-08-23,0.021999478063644575
2019-08-26,-0.2107645936223811
2019-08-27,-0.00963960279025952
2019-08-28,-0.10225311777547239
2019-08-29,-0.2297107669670401
2019-08-30,-0.1869268183546775
2019-09-03,-0.177098802831592
2019-09-04,-0.10242421690582246
2019-09-05,-0.13325566912658596
2019-09-06,-0.14756179700770328
2019-09-09,-0.18763973139780288
2019-09-10,-0.11404266261435714
2019-09-11,-0.14413472216467915
2019-09-12,-0.17278975270950134
2019-09-13,-0.08687965722407592
2019-09-16,-0.1350287857095592
2019-09-17,-0.1481229614173634
2019-09-18,-0.16878827364315904
2019-09-19,-0.15016189272070196
2019-09-20,-0.08233127200893604
2019-09-23,-0.16416248644047984
2019-09-24,-0.035058008119292494
2019-09-25,-0.21609412784334545
2019-09-26,-0.1375911988759927
2019-09-27,-0.023168655454370187
2019-09-30,-0.11348862733512827
2019-10-01,-0.02936285135192522
2019-10-02,-0.015281800302994624
2019-10-03,-0.07209995139288244
2019-10-04,-0.08655986480187397
2019-10-07,-0.10129374050886653
2019-10-08,-0.03357616743679618
2019-10-09,-0.07505752207464829
2019-10-10,0.0029107221103604553
2019-10-11,-0.003625672047894759
2019-10-14,-0.013264256390949814
2019-10-15,-0.044270881530881254
2019-10-16,0.027777129054573496
2019-10-17,0.04779776419994292
2019-10-18,0.041420247805584225
2019-10-21,0.03430333874078406
2019-10-22,0.12258030552938573
2019-10-23,0.0963644560392568
2019-10-24,0.09901445566527425
2019-10-25,0.09881687690760807
2019-10-28,0.09478586287233631
2019-10-29,0.1824049127668537
2019-10-30,0.19993748139171558
2019-10-31,0.15051223855903786
2019-11-01,0.12212098584017207
2019-11-04,-0.1593116224056139
2019-11-05,-0.06172401127379487
2019-11-06,-0.0526302961851285
2019-11-07,0.0013351842850533788
2019-11-08,0.027003109179180237
2019-11-11,0.06266098270190251
2019-11-12,0.09414933336954581
2019-11-13,0.07644770250874278
2019-11-14,0.024881683652280013
2019-11-15,0.05995598692684394
2019-11-18,-0.020306818809824042
2019-11-19,-0.022145116013883043
2019-11-20,-0.04064113569416864
2019-11-21,-0.04504082761745666
2019-11-22,-0.0672032572338156
2019-11-25,-0.06531912990555568
2019-11-26,-0.07212337567858515
2019-11-27,-0.11482381162018164
2019-11-29,-0.20313336871932616
2019-12-02,-0.12046091689689442
2019-12-03,-0.08009068815911344
2019-12-04,-0.002431033477057525
2019-12-05,-0.05588729034500699
2019-12-06,0.03191304315190513
2019-12-09,0.04017672376893268
2019-12-10,0.14326598669927065
2019-12-11,0.18185902506526055
2019-12-12,0.08860694368284826
2019-12-13,0.24879748602591528
2019-12-16,0.2917922532096021
2019-12-17,0.26179694614370425
2019-12-18,0.3411441678435584
2019-12-19,0.29888573798869966
2019-12-20,0.27518545309359876
2019-12-23,0.3099155212130536
2019-12-24,0.29566540792818186
2019-12-26,0.17357293860973477
2019-12-27,0.24395578801588957
2019-12-30,0.30069450022382915
2019-12-31,0.22238202088371126
2020-01-02,0.11611723956985197
2020-01-03,0.24568409292186633
2020-01-06,0.2809121817243045
2020-01-07,0.27791183625995114
2020-01-08,0.17478387233584344
2020-01-09,0.1932320249975192
2020-01-10,0.28269853812093576
2020-01-13,0.19492162890972634
2020-01-14,0.25331226248330785
2020-01-15,0.26990378589124425
2020-01-16,0.21462349008009832
2020-01-17,0.20649220759965115
2020-01-21,0.2747617790565415
2020-01-22,0.2802746337743095
2020-01-23,0.1772811048811912
2020-01-24,0.2046233569794582
2020-01-27,0.10877321677845615
2020-01-28,0.03539409569676588
2020-01-29,-0.01108274247898617
2020-01-30,0.01282632409302994
2020-01-31,0.311062292765281
2020-02-03,-0.001928882569448703
2020-02-04,0.14546463195598527
2020-02-05,-0.0010499883469385497
2020-02-06,0.057589467548672266
2020-02-07,-0.07786106604121526
2020-02-10,0.12555253480822334
2020-02-11,-0.023563123552975
2020-02-12,-0.009108725290997466
2020-02-13,0.30321443309637375
2020-02-14,0.0129430668295267
2020-02-18,0.044600571935816534
2020-02-19,0.1328780112190177
2020-02-20,0.011445993240778234
2020-02-21,-0.01634865463957763
2020-02-24,0.06399938671029325
2020-02-25,-0.007199192652287689
2020-02-26,0.19121499714465692
2020-02-27,0.11737260619269432
2020-02-28,0.10359240025435727
2020-03-02,-0.006996527588232625
2020-03-03,0.06273145703818996
2020-03-04,0.07688542216501047
2020-03-05,0.13772567807782227
2020-03-06,0.2838726496967065
2020-03-09,0.30274901634123225
2020-03-10,0.17074582567509541
2020-03-11,0.3376349046287007
2020-03-12,0.3142734277223735
2020-03-13,-0.18990327552403924
2020-03-16,0.21264759148153548
2020-03-17,0.012519405188084958
2020-03-18,0.08687813376555466
2020-03-19,0.04102796367096645
2020-03-20,0.19493833118578913
2020-03-23,0.21897400041575685
2020-03-24,0.3033295142634
2020-03-25,0.33738946603353853
2020-03-26,0.3371267143424521
2020-03-27,0.2862934278738868
2020-03-30,0.2331208366207262
2020-03-31,0.28145288993693346
2020-04-01,0.2524269754111375
2020-04-02,0.05252080411248103
2020-04-03,0.21242659490414875
2020-04-06,0.15821114422590077
2020-04-07,0.22664064665800068
2020-04-08,0.1022256840937447
2020-04-09,0.2011343826918746
2020-04-13,0.20281477141393922
2020-04-14,0.17484597415693304
2020-04-15,0.14311717983213135
2020-04-16,0.08059449836244036
2020-04-17,-0.05512184217075558
2020-04-20,0.02000884680145653
2020-04-21,-0.024361562800307515
2020-04-22,-0.030466975157142244
2020-04-23,-0.00040125645848088125
2020-04-24,-0.1334422144626685
2020-04-27,-0.1602459422057099
2020-04-28,-0.11386619505931951
2020-04-29,-0.1575450992415188
2020-04-30,-0.12145238632638572
2020-05-01,0.005941447154257516
2020-05-04,-0.2699956941046748
2020-05-05,-0.3331222970969018
2020-05-06,-0.35508039481595327
2020-05-07,-0.15835372266292444
2020-05-08,-0.1872370587516967
2020-05-11,-0.2092837587851843
2020-05-12,-0.14600235634704592
2020-05-13,-0.24613824792098665
2020-05-14,-0.2762477585681624
2020-05-15,-0.18400256506607415
2020-05-18,-0.2201085174075023
2020-05-19,-0.2448377288918494
2020-05-20,-0.23392946004213183
2020-05-21,-0.29321968466101495
2020-05-22,-0.3227262922030621
2020-05-26,-0.31865160415640725
2020-05-27,-0.2819162698572603
2020-05-28,-0.2752598936830699
2020-05-29,-0.3739272273556669
2020-06-01,-0.22097111695149546
2020-06-02,-0.15829567287070767
2020-06-03,-0.10151686557825564
2020-06-04,0.003363832696351144
2020-06-05,-0.030721579508970216
2020-06-08,-0.05438450796786177
2020-06-09,-0.024363599635122135
2020-06-10,0.02744329387483327
2020-06-11,0.14404088442056326
2020-06-12,-0.09189995000100955
2020-06-15,-0.0702270091560054
2020-06-16,-0.11189861262839296
2020-06-17,-0.0012791322635837229
2020-06-18,-0.04372167771330638
2020-06-19,0.0021590449035011885
2020-06-22,-0.0705702158222695
2020-06-23,0.09843309766891527
2020-06-24,0.03323401525280862
2020-06-25,-0.05864760323486931
2020-06-26,0.12258792173553847
2020-06-29,-0.006713407548999922
2020-06-30,-0.04270122347117987
2020-07-01,-0.020756365178423452
2020-07-02,0.23484501729130522
2020-07-06,0.16689009737101262
2020-07-07,0.18355751665907885
2020-07-08,0.17575134723203328
2020-07-09,0.1610056815915646
2020-07-10,0.1448607104334493
2020-07-13,0.1607256168045538
2020-07-14,0.060777114033558455
2020-07-15,0.10471265940240033
2020-07-16,0.10828628608465772
2020-07-17,0.09359154131455458
2020-07-20,0.10279396100702475
2020-07-21,0.1487164387375321
2020-07-22,0.10115838265088187
2020-07-23,0.19599748528939348
2020-07-24,0.1898319863055274
2020-07-27,0.1938394588032996
2020-07-28,0.1980872778091975
2020-07-29,0.19241978493750683
2020-07-30,0.17255249815566667
2020-07-31,0.08635263038338173
2020-08-03,0.22270242654392566
2020-08-04,0.26500239355662464
2020-08-05,0.17966410691092555
2020-08-06,0.13545969934655333
2020-08-07,0.016042110999976752
2020-08-10,-0.05228962336102124
2020-08-11,0.16699397594655843
2020-08-12,0.09687593745313541
2020-08-13,0.07879291796890564
2020-08-14,0.08650335615966388
2020-08-17,0.09643801796799129
2020-08-18,0.0781553886719284
2020-08-19,0.04045357625324255
2020-08-20,-0.0412377576568727
2020-08-21,0.049315844531670545
2020-08-24,0.16314639498173414
2020-08-25,0.006863114907874768
2020-08-26,0.044417256802500395
2020-08-27,0.10286626864294388
2020-08-28,0.04651112299193362
2020-08-31,-0.032414189239922564
2020-09-01,0.01449615337567732
2020-09-02,-0.060655439216332284
2020-09-03,0.09437338644624406
2020-09-04,0.1584760832473192
2020-09-08,0.3525714519551898
2020-09-09,0.2983716008717039
2020-09-10,0.32066827961922534
2020-09-11,0.3713343097812762
2020-09-14,0.31507526967671196
2020-09-15,0.3038037048471894
2020-09-16,0.3791810216543763
2020-09-17,0.33904211162629494
2020-09-18,0.2570126569923606
2020-09-21,0.16029289492565935
2020-09-22,0.0861437591073055
2020-09-23,0.2692679886835853
2020-09-24,0.18573946073658099
2020-09-25,0.05192068934798975
2020-09-28,0.07817789534722909
2020-09-29,0.1190907834445584
2020-09-30,0.0853107142906675
2020-10-01,0.05813186335370517
2020-10-02,0.04797441958702117
2020-10-05,-0.04051367835634875
2020-10-06,0.018155896077044528
2020-10-07,-0.0750565232653275
2020-10-08,-0.06949712026529462
2020-10-09,-0.15023932716300598
2020-10-12,-0.2316424705961673
2020-10-13,-0.24272766965375253
2020-10-14,-0.2590738827978316
2020-10-15,-0.27084038623479445
2020-10-16,-0.21798583124272514
2020-10-19,-0.1824337596671348
2020-10-20,-0.22297289782839302
2020-10-21,-0.17272237168246482
2020-10-22,-0.2676864256026087
2020-10-23,-0.1892905943253545
2020-10-26,-0.14069902906732765
2020-10-27,-0.14662912682684248
2020-10-28,-0.1489541162111757
2020-10-29,-0.2057386466890715
2020-10-30,-0.16702141216713529
2020-11-02,-0.15318655417932678
2020-11-03,-0.1460323489997644
2020-11-04,-0.14852435470430378
2020-11-05,-0.11493472489113576
2020-11-06,-0.11660386970100092
2020-11-09,-0.0595209503095661
2020-11-10,-0.02610648395417525
2020-11-11,-0.04401909463148822
2020-11-12,-0.023206250987618776
2020-11-13,-0.14528143692498935
2020-11-16,-0.09112129770586012
2020-11-17,-0.1001754831337572
2020-11-18,-0.03829825729078317
2020-11-19,-0.06333449041921076
2020-11-20,0.06663497573827659
2020-11-23,0.0013544108220788563
2020-11-24,-0.05541984311906273
2020-11-25,-0.019616553132109027
2020-11-27,-0.090788295947349
2020-11-30,-0.22500735335335895
2020-12-01,-0.15040172084484837
2020-12-02,0.029667707127536327
2020-12-03,0.031061833755676144
2020-12-04,-0.1714836853852066
2020-12-07,-0.1675711693112014
2020-12-08,-0.24283873192072794
2020-12-09,-0.08616191371824806
2020-12-10,-0.06034562142462319
2020-12-11,-0.0446446394285241
2020-12-14,0.029430430645172135
2020-12-15,0.022981194753273343
2020-12-16,0.03560471095664891
2020-12-17,0.08735338790007684
2020-12-18,0.058764117660195785
2020-12-21,-0.030573023834925876
2020-12-22,-0.004462427234849284
2020-12-23,0.04337067857256872
2020-12-24,0.025282674796805835
2020-12-28,0.060227492360441885
2020-12-29,0.04385745178531586
2020-12-30,0.1480177541271893
2020-12-31,0.06766860504986308
2021-01-04,0.30357234621994666
2021-01-05,0.2584775943227317
2021-01-06,0.3324986916343451
2021-01-07,0.2352917104151442
2021-01-08,0.2609420110065143
2021-01-11,0.15575826289307002
2021-01-12,0.1885492617434002
2021-01-13,0.19138945105375954
2021-01-14,0.19575615301246194
2021-01-15,0.12281756600451005
2021-01-19,0.10175596854418305
2021-01-20,0.07976563223443056
2021-01-21,0.04645629119730476
2021-01-22,-0.04443282179619898
2021-01-25,-0.09948605747469902
2021-01-26,0.0075164708855368694
2021-01-27,-0.03314131262686789
2021-01-28,-0.019306973515633857
2021-01-29,-0.0052638718340794035
2021-02-01,-0.1053069689476334
2021-02-02,-0.17462123406402236
2021-02-03,-0.14995975520817
2021-02-04,-0.08281152905310563
2021-02-05,-0.1345398389165023
2021-02-08,-0.13133813393558808
2021-02-09,-0.098775246381608
2021-02-10,-0.08890517740262764
2021-02-11,-0.062055618305705613
2021-02-12,-0.0019317914589570308
2021-02-16,-0.008728194304017244
2021-02-17,-0.12193911685286862
2021-02-18,-0.07709039379333957
2021-02-19,-0.021605106796643313
2021-02-22,0.04829784149468322
2021-02-23,0.03722542792945402
2021-02-24,0.012287293486439397
2021-02-25,0.2253322210275477
2021-02-26,0.07517896913943216
2021-03-01,-0.039343575654615125
2021-03-02,0.11528731832366074
2021-03-03,0.23033736336849334
2021-03-04,0.26598843726761123
2021-03-05,0.12640453885999914
2021-03-08,0.17311173288030657
2021-03-09,0.19334513535685757
2021-03-10,0.15734884411214847
2021-03-11,0.17229400565756406
2021-03-12,0.15455655513984473
2021-03-15,0.09255389052726815
2021-03-16,0.0863908953192513
2021-03-17,0.12717134907011754
2021-03-18,0.2177679896321166
2021-03-19,0.047624718587793075
2021-03-22,0.09826576100343577
2021-03-23,0.14950049578627506
2021-03-24,0.05840385016030767
2021-03-25,0.06064216203526157
2021-03-26,-0.03572948609855898
2021-03-29,0.02061018836996908
2021-03-30,-0.00402651735831107
2021-03-31,-0.08817400910134605
2021-04-01,-0.1254951610145333
2021-04-05,-0.1841984032090705
2021-04-06,-0.1983523143783081
2021-04-07,-0.1984398916400215
2021-04-08,-0.18612204794600767
2021-04-09,-0.20226375928808882
2021-04-12,-0.22012646565686333
2021-04-13,-0.28046007059562306
2021-04-14,-0.054791797284756485
2021-04-15,-0.05431928740760515
2021-04-16,-0.21742888232804033
2021-04-19,0.007732257537090529
2021-04-20,-0.1979765468251425
2021-04-21,0.04651269103208349
2021-04-22,0.08002626874124316
2021-04-23,-0.15445268443409163
2021-04-26,-0.06132954170568644
2021-04-27,-0.06686218429741736
2021-04-28,-0.08092444484393166
2021-04-29,-0.20038084816125087
2021-04-30,-0.20416805556022882
2021-05-03,-0.16185805475013565
2021-05-04,-0.22410715770381273
2021-05-05,-0.14059612861857856
2021-05-06,-0.08295399696712691
2021-05-07,-0.09391133808382572
2021-05-10,0.019884111769949912
2021-05-11,-0.05591095322223344
2021-05-12,0.056383463099384766
2021-05-13,-0.008945100777795761
2021-05-14,0.0238770238999291
2021-05-17,-0.012115193983770055
2021-05-18,0.0856332501714052
2021-05-19,0.0028004356943235817
2021-05-20,0.011196651076031922
2021-05-21,0.09745923552347058
2021-05-24,0.062148287268681414
2021-05-25,0.14526725535671028
2021-05-26,0.10431164708241726
2021-05-27,0.12969174119500876
2021-05-28,0.24538945064041948
2021-06-01,0.34287821803121205
2021-06-02,0.3794345964147858
2021-06-03,0.3550127604797792
2021-06-04,0.3467876262604877
2021-06-07,0.37038256991047946
2021-06-08,0.32152362293667913
2021-06-09,0.35034672544290985
2021-06-10,0.3591146350167739
2021-06-11,0.342196948402302
2021-06-14,0.35459931433727176
2021-06-15,0.3558651112711061
2021-06-16,0.37790606769581137
2021-06-17,0.37412598867860075
2021-06-18,0.40714261634454957
2021-06-21,0.42717846081211924
2021-06-22,0.47215243972270343
2021-06-23,0.39464758144660395
2021-06-24,0.3792818453769136
2021-06-25,0.3458222397011354
2021-06-28,0.26665443179273407
2021-06-29,0.22756340452073429
2021-06-30,0.1335665258557001
2021-07-01,0.19264655394365537
2021-07-02,0.08170653015783731
2021-07-06,0.06358414702468004
2021-07-07,0.0445462760045421
2021-07-08,0.08128799231406748
2021-07-09,0.09790221353329993
2021-07-12,0.08596828411447155
2021-07-13,0.043625696416299
2021-07-14,0.034953510826168224
2021-07-15,0.023199827632029036
2021-07-16,0.0688326726859687
2021-07-19,0.23767755990837858
2021-07-20,0.23833846273223894
2021-07-21,0.1139543109331627
2021-07-22,0.09958451163039905
2021-07-23,-0.017938063547458142
2021-07-26,0.009749589577255989
2021-07-27,0.07340400207935725
2021-07-28,0.06363302735679915
2021-07-29,0.10095214258948144
2021-07-30,0.03295756393130487
2021-08-02,0.07488466880646508
2021-08-03,0.03897289980271193
2021-08-04,0.041506530350885404
2021-08-05,0.016535809019791393
2021-08-06,-0.10940538502532873
2021-08-09,-0.09836963170918886
2021-08-10,-0.10865894162025995
2021-08-11,-0.20152342592453487
2021-08-12,-0.2259544269218138
2021-08-13,-0.24079368108097135
2021-08-16,-0.20555503498410838
2021-08-17,-0.25973277309661863
2021-08-18,-0.24189654357440862
2021-08-19,-0.19297242282444937
2021-08-20,-0.18276967183483922
2021-08-23,-0.1477560789337746
2021-08-24,-0.028637764580279192
2021-08-25,-0.03190460011023921
2021-08-26,-0.0542846638390208
2021-08-27,-0.06575932180398011
2021-08-30,-0.07342131386364943
2021-08-31,-0.08713021034255274
2021-09-01,-0.12378740441112217
2021-09-02,-0.043564596001150126
2021-09-03,-0.027668304659916994
2021-09-07,0.11527102487962103
2021-09-08,0.11803785534561273
2021-09-09,0.08292446509980496
2021-09-10,0.0936404595766657
2021-09-13,0.10783408601575009
2021-09-14,0.12690047056295753
2021-09-15,0.13566023341480168
2021-09-16,0.11550524313769174
2021-09-17,0.11835455916413443
2021-09-20,0.12102159228538296
2021-09-21,0.13234044419171262
2021-09-22,0.11612541235145285
2021-09-23,0.09913338689854984
2021-09-24,0.13626003582351318
2021-09-27,0.12504912798394652
2021-09-28,0.11833724737984225
2021-09-29,0.1398527402342672
2021-09-30,0.17699975596428016
2021-10-01,0.13523762221002192
2021-10-04,0.15539770418839427
2021-10-05,0.10070774092888593
2021-10-06,0.08634099664687972
2021-10-07,0.11048889905396884
2021-10-08,-0.00019144796746648485
2021-10-11,-0.11846148489064497
2021-10-12,-0.08191630824984847
2021-10-13,-0.1158942491141396
2021-10-14,-0.09396021841594483
2021-10-15,-0.08341836012225838
2021-10-18,-0.1054919034350431
2021-10-19,-0.042387394669281736
2021-10-20,-0.04809824680519688
2021-10-21,-0.02344830265363447
2021-10-22,-0.06371042121598773
2021-10-25,-0.017617286367926536
2021-10-26,-0.10746952020536178
2021-10-27,-0.11744314463816366
2021-10-28,-0.15468995771291977
2021-10-29,-0.15747613664370863
2021-11-01,-0.10914265324018856
2021-11-02,-0.04896383601980599
2021-11-03,-0.1368089212196006
2021-11-04,-0.13211437265566178
2021-11-05,-0.10065682391626186
2021-11-08,-0.11104491283182363
2021-11-09,-0.12936383563370976
2021-11-10,-0.13064490767133127
2021-11-11,-0.10052749470419675
2021-11-12,-0.10578213040700027
2021-11-15,-0.12192180506857643
2021-11-16,-0.1301051873375162
2021-11-17,-0.0800405255047779
2021-11-18,-0.09577591908611899
2021-11-19,-0.030552244254944044
2021-11-22,-0.0645780471111018
2021-11-23,-0.015038848848643874
2021-11-24,-0.004637521509799852
2021-11-26,0.001784132122347242
2021-11-29,-0.1164217493649249
2021-11-30,-0.045091088039619594
2021-12-01,0.02242894406090069
2021-12-02,-0.01888206496150831
2021-12-03,-0.022779253107754256
2021-12-06,-0.08991842595384654
2021-12-07,-0.11143493714852398
2021-12-08,-0.06200062793207162
2021-12-09,-0.09412417119659432
2021-12-10,-0.10002137959871353
2021-12-13,-0.05183962889281318
2021-12-14,-0.1003166982719331
2021-12-15,-0.06900477218863803
2021-12-16,-0.06510554736188712
2021-12-17,-0.06978380248178621
2021-12-20,-0.08404769439829182
2021-12-21,-0.07038971493201258
2021-12-22,-0.0728082730316557
2021-12-23,-0.0738856770187809
2021-12-27,-0.07256692639181762
2021-12-28,-0.08246519364593588
2021-12-29,-0.061445632494469306
2021-12-30,-0.05889163514124621
2021-12-31,-0.06641716960708303
2022-01-03,-0.06341408420251568
2022-01-04,-0.03854316021616482
2022-01-05,-0.12836553257689567
2022-01-06,-0.12963335287802005
2022-01-07,-0.10925148675191189
2022-01-10,0.0812250206253693
2022-01-11,-0.022009156761607602
2022-01-12,-0.014955187905472133
2022-01-13,-0.014735228720698745
2022-01-14,0.012312622699514067
2022-01-18,-0.0064806493143418666
2022-01-19,0.04399998359115075
2022-01-20,-0.030361495805641542
2022-01-21,-0.002910385880010851
2022-01-24,0.017960278434482637
2022-01-25,-0.0006486759291696683
2022-01-26,0.09057023098956092
2022-01-27,0.21389706890785137
2022-01-28,-0.018827895218866558
2022-01-31,-0.0786690134319378
2022-02-01,0.01780752900061223
2022-02-02,-0.013437876862359407
2022-02-03,0.011798366272150357
2022-02-04,-0.0064093662452023425
2022-02-07,-0.11674842896627152
2022-02-08,-0.00025050907154747004
2022-02-09,-0.07156718308652295
2022-02-10,-0.03611302115564199
2022-02-11,-0.011475555801904227
2022-02-14,0.01858145946555563
2022-02-15,-0.02693685349826698
2022-02-16,0.010502032743370155
2022-02-17,0.05841138351204423
2022-02-18,0.03271383708724583
2022-02-22,-0.08752135228950755
2022-02-23,-0.11097042704773354
2022-02-24,-0.03443481404218577
2022-02-25,-0.008585536513076097
2022-02-28,0.035285119224064375
2022-03-01,0.18006510596467415
2022-03-02,0.04002238833316531
2022-03-03,0.21331865771826208
2022-03-04,0.3776363153804562
2022-03-07,0.2834479594672849
2022-03-08,0.18303353662955574
2022-03-09,-0.045490818065725934
2022-03-10,0.17117407058385725
2022-03-11,0.12286044298020612
2022-03-14,-0.15807529746469012
2022-03-15,0.1455854854218864
2022-03-16,0.04165477061646041
2022-03-17,0.11079832935223954
2022-03-18,0.15832478820667845
2022-03-21,0.10613947161919209
2022-03-22,0.11713539419874323
2022-03-23,0.21015572610758548
2022-03-24,0.21270460499410304
2022-03-25,0.11987877403105576
2022-03-28,0.10034517642770792
2022-03-29,0.06641647217641278
2022-03-30,0.004700609244972039
2022-03-31,-0.05516494887751848
2022-04-01,-0.06367920232145505
2022-04-04,-0.04436047225508491
2022-04-05,0.03042666889742625
2022-04-06,-0.0024419542828082647
2022-04-07,-0.0599836843513503
2022-04-08,-0.07354681574948345
2022-04-11,-0.11940932410429404
2022-04-12,-0.10037674464404114
2022-04-13,-0.09879833382738025
2022-04-14,-0.11099283029803454
2022-04-18,-0.0956537321487681
2022-04-19,-0.14600503720025046
2022-04-20,-0.0636690190258637
2022-04-21,-0.11964659489157274
2022-04-22,-0.11011706687717752
2022-04-25,-0.20035735908957836
2022-04-26,-0.1297565707546755
2022-04-27,-0.10779629381190645
2022-04-28,-0.12148060642757678
2022-04-29,-0.026937871827826115
2022-05-02,-0.06787675676421388
2022-05-03,-0.045542752873241873
2022-05-04,0.08595108810931976
2022-05-05,0.030089601813352213
2022-05-06,0.11763844900095645
2022-05-09,0.10342562334409448
2022-05-10,0.10923926679720224
2022-05-11,0.01891037991315658
2022-05-12,0.06720465925518408
2022-05-13,0.04050914986243235
2022-05-16,0.009411401785535439
2022-05-17,-0.00053462301854643
2022-05-18,0.04984825024926912
2022-05-19,0.05892971325764449
2022-05-20,0.09878102222487492
2022-05-23,0.033543775677941715
2022-05-24,0.047873709234104306
2022-05-25,-0.014508141229011402
2022-05-26,0.030532575171576398
2022-05-27,0.040999984709935926
2022-05-31,0.05581260647712902
2022-06-01,0.07071280458640779
2022-06-02,0.05247452218228101
2022-06-03,0.06019142358141405
2022-06-06,-0.05753867507986462
2022-06-07,0.025604878434917017
2022-06-08,-0.0014358446783818404
2022-06-09,0.03263542571119236
2022-06-10,0.058692442470365785
2022-06-13,0.1469581936676018
2022-06-14,0.12977388235718085
2022-06-15,0.07677288379282647
2022-06-16,0.07446840400050157
2022-06-17,0.17208751219840226
2022-06-21,-0.15601725342567618
2022-06-22,-0.12938386213603173
2022-06-23,-0.00435437719486578
2022-06-24,-0.01970060365104616
2022-06-27,-0.017733190942795296
2022-06-28,-0.1403492348288088
2022-06-29,-0.15189607369985253
2022-06-30,-0.26402943310411947
2022-07-01,-0.1424785619369623
2022-07-05,-0.07387879118576181
2022-07-06,-0.08788896926035566
2022-07-07,-0.13080850518926307
2022-07-08,-0.11181462225225731
2022-07-11,-0.058174112724765525
2022-07-12,-0.183619076126059
2022-07-13,-0.14149689224195514
2022-07-14,-0.16043782204188575
2022-07-15,-0.18387264018628385
2022-07-18,-0.28036140257354353
2022-07-19,-0.2231098964293553
2022-07-20,-0.2679469469181158
2022-07-21,-0.2206017507252032
2022-07-22,-0.29397952376787
2022-07-25,-0.3059245294965359
2022-07-26,-0.32052024706763305
2022-07-27,-0.3516709482816051
2022-07-28,-0.17912416945203244
2022-07-29,-0.22814248111060564
2022-08-01,-0.24345713935045285
2022-08-02,-0.1979194781250066
2022-08-03,-0.24692455149931108
2022-08-04,-0.14065167870787218
2022-08-05,-0.1307443504270375
2022-08-08,-0.17508140110226228
2022-08-09,-0.33736749129397997
2022-08-10,-0.27776873551598313
2022-08-11,-0.3069133274984571
2022-08-12,-0.06510995535204121
2022-08-15,0.08812013007027956
2022-08-16,0.026481660185333163
2022-08-17,0.04676780333288255
2022-08-18,0.08233296318570935
2022-08-19,0.0017199586253808
2022-08-22,-0.0020804472893149644
2022-08-23,0.09203357056603942
2022-08-24,0.13273823970382592
2022-08-25,0.12625759038948403
2022-08-26,-0.017430747063731888
2022-08-29,-0.036836035142628586
2022-08-30,-0.13744699558527101
2022-08-31,0.0007219956574274644
2022-09-01,0.3007483603474474
2022-09-02,-0.028344184948993014
2022-09-06,0.02614153811258172
2022-09-07,0.0796262432175257
2022-09-08,0.24110988971664424
2022-09-09,0.21463841282690244
2022-09-12,0.1334439420883072
2022-09-13,0.055695498577828365
2022-09-14,0.0708655540202782
2022-09-15,0.16280034661908144
2022-09-16,0.15203762150857245
2022-09-19,0.15520360810792644
2022-09-20,0.1335630866467261
2022-09-21,0.11315983559987605
2022-09-22,0.0002545823897840143
2022-09-23,0.0805580147641352
2022-09-26,0.13268426823719168
2022-09-27,0.23664960624762832
2022-09-28,0.2099866834007689
2022-09-29,0.024745408287006186
2022-09-30,-0.04259468879954299
2022-10-03,0.07785333145506983
2022-10-04,0.0922728780124364
2022-10-05,0.12900504354003312
2022-10-06,0.2208094899552669
2022-10-07,0.1641944397855387
2022-10-10,0.19492355256202837
2022-10-11,0.27718421434903906
2022-10-12,0.18016897557970601
2022-10-13,0.2529642641145471
2022-10-14,0.19987161588987046
2022-10-17,0.1806231505630807
2022-10-18,0.25745611579989625
2022-10-19,0.26081253002680865
2022-10-20,0.21354574520994943
2022-10-21,0.3020833903994748
2022-10-24,0.3026587466003866
2022-10-25,0.3102371551794772
2022-10-26,0.272738187493851
2022-10-27,0.35418113064487544
2022-10-28,0.46209249569696426
2022-10-31,0.43791837029263336
2022-11-01,0.3422605648256287
2022-11-02,0.3046546725362933
2022-11-03,0.30791943710288355
2022-11-04,0.28908441357710296
2022-11-07,0.3508155514519308
2022-11-08,0.3576811293396261
2022-11-09,0.21228097989750241
2022-11-10,0.45650593973554393
2022-11-11,0.2603929782484446
2022-11-14,0.29519512111240975
2022-11-15,0.4170271100800268
2022-11-16,0.3356509992276345
2022-11-17,0.29900975359880805
2022-11-18,0.24077092644194587
2022-11-21,0.19312773490200166
2022-11-22,0.24863033208263519
2022-11-23,0.21095956337752775
2022-11-25,0.22959586586913888
2022-11-28,0.27027170143686285
2022-11-29,0.29892319626796343
2022-11-30,0.3272274434541463
2022-12-01,0.23889110488030912
2022-12-02,0.2598624186616457
2022-12-05,0.1957753709043069
2022-12-06,0.3038814038430498
2022-12-07,0.27789791144504145
2022-12-08,0.3097296244435264
2022-12-09,0.3689592784581743
2022-12-12,0.34735762364398126
2022-12-13,0.27436026241734585
2022-12-14,0.23212232160826174
2022-12-15,0.22189531838858792
2022-12-16,0.2898917025354844
2022-12-19,0.192397598358289
2022-12-20,0.25222908040269165
2022-12-21,0.21872528343659703
2022-12-22,0.1817429000920889
2022-12-23,0.12140938552878754
2022-12-27,0.06932529375574584
2022-12-28,0.04637232625883772
2022-12-29,0.032084256740243317
2022-12-30,0.11518336763721272
2023-01-03,0.022599609922754307
2023-01-04,-0.08586589051937844
2023-01-05,-0.04463099642655232
2023-01-06,-0.060670578992825616
2023-01-09,-0.189727559282118
2023-01-10,-0.10974451229555406
2023-01-11,-0.023808357589960603
2023-01-12,-0.1249908223826751
2023-01-13,-0.0027688162654877194
2023-01-17,0.025123010697259113
2023-01-18,-0.02490916317399599
2023-01-19,-0.012036560595095565
2023-01-20,-0.030369403267980967
2023-01-23,0.008324778584171424
2023-01-24,0.05494761194168879
2023-01-25,0.03700682306145245
2023-01-26,0.0184743893668548
2023-01-27,-0.037248165266277965
2023-01-30,-0.0030468180457297743
2023-01-31,-0.1276089270603393
2023-02-01,-0.10552764280111324
2023-02-02,-0.13052845491365056
2023-02-03,-0.1624650550306884
2023-02-06,-0.2056632730513778
2023-02-07,-0.23441761835795255
2023-02-08,-0.33589641471861736
2023-02-09,-0.30524391806269763
2023-02-10,-0.2838825871317907
2023-02-13,-0.2311213115350825
2023-02-14,-0.07704111605938706
2023-02-15,-0.12402850852799108
2023-02-16,-0.09344423941520766
2023-02-17,-0.12392667637405627
2023-02-21,-0.21835766936089232
2023-02-22,-0.14021065610977312
2023-02-23,-0.09199414954317582
2023-02-24,-0.02219228130701503
2023-02-27,-0.09010108980152755
2023-02-28,-0.04508924111925901
2023-03-01,0.055827441751685636
2023-03-02,0.003923592891108563
2023-03-03,0.064055479789619
2023-03-06,0.06802387882845887
2023-03-07,0.07239349655380194
2023-03-08,0.12807837328997881
2023-03-09,0.09507151723508607
2023-03-10,0.058515810615564844
2023-03-13,0.22972722934771478
2023-03-14,0.16236831448445033
2023-03-15,0.49380855414688
2023-03-16,0.4369332595312051
2023-03-17,0.46276807698446865
2023-03-20,0.43030805959620577
2023-03-21,0.3567750612398733
2023-03-22,0.28459133892317706
2023-03-23,0.3088019335211802
2023-03-24,0.41875214676768263
2023-03-27,0.38218218364661055
2023-03-28,0.382695417702442
2023-03-29,0.31678862935428803
2023-03-30,0.2688317947802245
2023-03-31,0.32366026310180956
2023-04-03,0.242558080743502
2023-04-04,0.2696892215163557
2023-04-05,0.19972340351235984
2023-04-06,0.13521578895927025
2023-04-10,0.1364143534110831
2023-04-11,0.0946204007931548
2023-04-12,0.010572214221512874
2023-04-13,-0.012723927634155592
2023-04-14,-0.039716576677657975
2023-04-17,0.03486325622112452
2023-04-18,-0.05576634245932474
2023-04-19,-0.12516393704436432
2023-04-20,-0.09937698070345018
2023-04-21,-0.12142262370879907
2023-04-24,-0.16020947282103215
2023-04-25,-0.2384674831199403
2023-04-26,-0.2572158009808797
2023-04-27,-0.19977635623240594
2023-04-28,-0.19899835857634393
2023-05-01,-0.2053883262357538
2023-05-02,-0.2456364667569515
2023-05-03,-0.28654346131410746
2023-05-04,-0.2754366282844368
2023-05-05,-0.30829990100228155
2023-05-08,-0.32059511526837153
2023-05-09,-0.2885841776789613
2023-05-10,-0.24718431549676076
2023-05-11,-0.27030326940458266
2023-05-12,-0.2779274427696825
2023-05-15,-0.2583705776065006
2023-05-16,-0.2649407881783751
2023-05-17,-0.2407525966542376
2023-05-18,-0.15347938576748
2023-05-19,-0.24308353465780563
2023-05-22,-0.24598778768802662
2023-05-23,-0.21016119929067872
2023-05-24,-0.16998841456339278
2023-05-25,-0.15671153833337115
2023-05-26,-0.1736044743496182
2023-05-30,-0.11110193490750521
2023-05-31,-0.10226392226750228
2023-06-01,-0.06839963947647834
2023-06-02,-0.14088376664728225
2023-06-05,-0.12497045595188815
2023-06-06,-0.16996906645414517
2023-06-07,-0.2527239846708149
2023-06-08,-0.2282007653602319
2023-06-09,-0.1768804147417013
2023-06-12,-0.15825836875164104
2023-06-13,0.027248247749878777
2023-06-14,0.02164747928346375
2023-06-15,0.014012104381431047
2023-06-16,-0.15425534678046332
2023-06-20,-0.21104815735145102
2023-06-21,-0.20145251348617305
2023-06-22,-0.07795353215864304
2023-06-23,-0.1716900298556436
2023-06-26,-0.17258513448873067
2023-06-27,-0.1557471878356084
2023-06-28,-0.11004899043581917
2023-06-29,0.0003706690403227399
2023-06-30,-0.08744428890536812
2023-07-03,-0.09725785358006661
2023-07-05,0.015304354414863898
2023-07-06,-0.025454983519086618
2023-07-07,0.010735145667808584
2023-07-10,0.023930556174682385
2023-07-11,0.05408611191940024
2023-07-12,-0.002434806800581514
2023-07-13,-0.0708140798462729
2023-07-14,-0.13284309977258899
2023-07-17,-0.07717146121642363
2023-07-18,-0.0758354233567988
2023-07-19,-0.02162609453113744
2023-07-20,-0.04806172169261636
2023-07-21,-0.042720625218735125
2023-07-24,0.03457710786856768
2023-07-25,0.005331931580027105
2023-07-26,0.009255524471135668
2023-07-27,-0.1238004045031771
2023-07-28,-0.0333306823044055
2023-07-31,6.10992923608912e-05
2023-08-01,0.04628882389261117
2023-08-02,-0.02582768920248806
2023-08-03,-0.05156882107413152
2023-08-04,-0.12681972786734447
2023-08-07,-0.12740118946631226
2023-08-08,-0.18650253496700234
2023-08-09,-0.19148212729441497
2023-08-10,-0.1904016881411665
2023-08-11,-0.13560886107345865
2023-08-14,-0.14885315101422117
2023-08-15,-0.08982614298590354
2023-08-16,-0.16510148949606085
2023-08-17,-0.12364186914537495
2023-08-18,-0.14163856447396062
2023-08-21,-0.04962151115637695
2023-08-22,-0.04809301912399948
2023-08-23,-0.08330128829085563
2023-08-24,-0.030887555180595248
2023-08-25,-0.08837657429310034
2023-08-28,-0.07233199037428659
2023-08-29,-0.03546895801448348
2023-08-30,-0.05231699310821117
2023-08-31,-0.11397499715113156
2023-09-01,-0.1250614013859707
2023-09-05,-0.10756164417317467
2023-09-06,-0.19439037843348772
2023-09-07,-0.14404077147221409
2023-09-08,-0.09554246265541898
2023-09-11,-0.19021121034496194
2023-09-12,-0.1442648009506438
2023-09-13,-0.20066422214533153
2023-09-14,-0.17255361418145404
2023-09-15,0.024555667467521882
2023-09-18,-0.008278907543790034
2023-09-19,-0.017094467520000406
2023-09-20,0.006128224550864505
2023-09-21,0.07732275616421463
2023-09-22,-0.011763584249183577
2023-09-25,-0.02516563863833741
2023-09-26,-0.13752253196571962
2023-09-27,-0.1298943282251869
2023-09-28,-0.12923649621125227
2023-09-29,-0.06287489143711832
2023-10-02,-0.03354637776323187
2023-10-03,-0.00010794147597069418
2023-10-04,-0.0610164650819625
2023-10-05,0.08528191254333677
2023-10-06,-0.00011608800245904846
2023-10-09,0.03436204872787835
2023-10-10,0.06955911642081301
2023-10-11,0.017145383310552622
2023-10-12,0.07487676158608626
2023-10-13,0.018833750925264046
2023-10-16,0.036873215517913546
2023-10-17,0.04265113942977882
2023-10-18,0.011711650142820319
2023-10-19,0.0260138957089373
2023-10-20,-0.0046200988347079195
2023-10-23,0.0480614513338571
2023-10-24,0.02037242611575196
2023-10-25,0.04743213216263173
2023-10-26,0.08141944067204578
2023-10-27,0.08934601094521451
2023-10-30,0.05119175413700724
2023-10-31,0.005659799277784134
2023-11-01,0.056471721617271854
2023-11-02,0.014391857357488875
2023-11-03,-0.029946631371190323
2023-11-06,-0.032419102160405854
2023-11-07,-0.14006933980914138
2023-11-08,-0.10110144866790971
2023-11-09,0.014229945143532834
2023-11-10,-0.06104599624048278
2023-11-13,-0.016090408130310742
2023-11-14,0.018359215757317412
2023-11-15,0.027312248368018762
2023-11-16,0.05955009031405872
2023-11-17,0.15948047579926755
2023-11-20,0.11618576077690872
2023-11-21,0.042548289532863354
2023-11-22,0.05268562343180919
2023-11-24,0.09872164461749923
2023-11-27,0.10873270735587559
2023-11-28,0.08516276959344458
2023-11-29,0.09405572157129433
2023-11-30,0.0005254509584988509
2023-12-01,0.011439759821271494
2023-12-04,0.026467046244852
2023-12-05,0.06318955102273101
2023-12-06,0.0847401685318612
2023-12-07,0.09870942482776669
2023-12-08,0.1572289795410486
2023-12-11,0.11872034883059793
2023-12-12,0.12023051117837662
2023-12-13,0.07660484351742841
2023-12-14,-0.0694857976824178
2023-12-15,-0.08988979158831216
2023-12-18,-0.05787292417326879
2023-12-19,-0.056840351940869886
2023-12-20,0.05577926686576175
2023-12-21,0.07498266643043486
2023-12-22,0.04239045058215148
2023-12-26,-0.006410298030523773
2023-12-27,0.08306707565431544
2023-12-28,0.013415292494697407
2023-12-29,0.08309355186540258
2024-01-02,0.007864453008695012
2024-01-03,0.09105372656033577
2024-01-04,0.1627268666048767
2024-01-05,0.1541129331592531
2024-01-08,0.09779497722944892
2024-01-09,0.15220053606611192
2024-01-10,0.1560232936207722
2024-01-11,0.18044556171704726
2024-01-12,0.24760654440285096
2024-01-16,0.17119416257370995
2024-01-17,0.151926609112941
2024-01-18,0.09915035557394887
2024-01-19,0.04575700265346389
2024-01-22,0.0035630870228439524
2024-01-23,-0.04130594424338932
2024-01-24,0.05963461052637541
2024-01-25,0.016588364561911397
2024-01-26,0.03728563342138648
2024-01-29,0.015492656749227748
2024-01-30,0.03887420608661557
2024-01-31,0.10382238851502004
2024-02-01,0.07009576885323335
2024-02-02,-0.008581347339670186
2024-02-05,-0.03958193557529135
2024-02-06,-0.03429993146340465
2024-02-07,-0.13471809022210365
2024-02-08,-0.18234472070464483
2024-02-09,-0.20546558119440536
2024-02-12,-0.19025805287226996
2024-02-13,-0.20079660320076728
2024-02-14,-0.23222793902446018
2024-02-15,-0.231188238581384
2024-02-16,-0.1295613389549754
2024-02-20,-0.008888878714605562
2024-02-21,0.03312581333327059
2024-02-22,0.0005295242217430281
2024-02-23,-0.007016195938095122
2024-02-26,-0.013339937124680129
2024-02-27,0.017069009624724303
2024-02-28,0.01094180338967084
2024-02-29,-0.02186935035798706
2024-03-01,-0.17247011228494843
2024-03-04,-0.12063478255536117
2024-03-05,-0.16807099783374801
2024-03-06,-0.19877609024679502
2024-03-07,-0.05770150089519777
2024-03-08,-0.06891410901246839
2024-03-11,0.0017942616930915305
2024-03-12,0.013669789425687116
2024-03-13,0.0895786677740498
2024-03-14,0.09486776836083606
2024-03-15,0.048619196672335475
2024-03-18,0.024372224382776777
2024-03-19,-0.032413816091257944
2024-03-20,-0.03269894280752674
2024-03-21,-0.20609060882879077
2024-03-22,-0.245218140778478
2024-03-25,-0.24908873595182704
2024-03-26,-0.16914735118766272
2024-03-27,-0.21376968228373022
2024-03-28,-0.24265200033205883
2024-04-01,-0.19562034848352
2024-04-02,-0.21948443632551776
2024-04-03,-0.09725366799018535
2024-04-04,-0.07316962525278024
2024-04-05,-0.1640914435223963
2024-04-08,-0.17803413994794068
2024-04-09,-0.10479119639669131
2024-04-10,-0.1321470682032809
2024-04-11,-0.1400776641543574
2024-04-12,-0.3111822065872653
2024-04-15,-0.19372832905913634
2024-04-16,-0.2251085608039198
2024-04-17,-0.1315737598416404
2024-04-18,-0.14235969619420882
2024-04-19,-0.01975622650832507
2024-04-22,0.01049164484899094
2024-04-23,-0.01418810906347576
2024-04-24,-0.0957883203305039
2024-04-25,-0.0866377893576773
2024-04-26,-0.09321607002587894
2024-04-29,-0.07070633408615801
2024-04-30,-0.025573829829909585
2024-05-01,-0.0065477313771728374
2024-05-02,-0.05257329324116319
2024-05-03,-0.16482462650708748
2024-05-06,-0.15129841874923575
2024-05-07,-0.01213825163544327
2024-05-08,-0.06127780456496931
2024-05-09,-0.00011506899620848066
2024-05-10,0.09758563695269831
2024-05-13,0.1551191167472377
2024-05-14,0.07892307506320428
2024-05-15,0.1486385938103282
2024-05-16,0.21790707459873068
2024-05-17,0.22945063336881333
2024-05-20,0.2926448967909894
2024-05-21,0.30377705844188413
2024-05-22,0.304951169527091
2024-05-23,0.32303838643554267
2024-05-24,0.27341208146895774
2024-05-28,0.27446297708034845
2024-05-29,0.26711689089762297
2024-05-30,0.21850889563199805
2024-05-31,0.17540791922916485
2024-06-03,0.16719321487152047
2024-06-04,0.12607794238555928
2024-06-05,0.04978821620903757
2024-06-06,0.038950346061720216
2024-06-07,0.03479258755270052
2024-06-10,0.014506839999876243
2024-06-11,-0.008304315611328847
2024-06-12,-0.04192686531762632
2024-06-13,-0.11982042927316004
2024-06-14,-0.2023493389874637
2024-06-17,-0.16540709965603664
2024-06-18,-0.000343170369223522
2024-06-20,-0.15159372856251416
2024-06-21,-0.1906224844712083
2024-06-24,0.0850818121346104
2024-06-25,-0.018697184419326666
2024-06-26,-0.10360690221447484
2024-06-27,0.013148414858795594
2024-06-28,0.027272370411110875
2024-07-01,0.04785444608691452
2024-07-02,0.0001395084290315208
2024-07-03,0.08129471835674015
2024-07-05,0.03542292125759477
2024-07-08,0.03839944051350086
2024-07-09,-0.05696831791050656
2024-07-10,-0.04280668489925576
2024-07-11,-0.030076795327554733
2024-07-12,-0.005574227303055072
2024-07-15,-0.019032208310942506
2024-07-16,-0.04067943593395031
2024-07-17,-0.021909951525855485
2024-07-18,0.015168741305500248
2024-07-19,-0.01578991022308585
2024-07-22,0.027626742187044962
2024-07-23,-0.012838848709703754
2024-07-24,-0.03673857739123509
2024-07-25,-0.04202971459742328
2024-07-26,-0.023437416077295496
2024-07-29,-0.1590396090959337
2024-07-30,-0.139452421997968
2024-07-31,-0.1954217780918328
2024-08-01,-0.1682868794903515
2024-08-02,-0.07253318168968026
2024-08-05,0.09370384037263876
2024-08-06,-0.06935300049358215
2024-08-07,0.052934793185003985
2024-08-08,0.01203031080714151
2024-08-09,-0.0060538511722072344
2024-08-12,0.05582984766483327
2024-08-13,-0.011851088299772548
2024-08-14,-0.020116708142464912
2024-08-15,-0.015480344073994009
2024-08-16,-0.03127025429707986
2024-08-19,0.11742332823710018
2024-08-20,0.1444828719207104
2024-08-21,0.09391055724193365
2024-08-22,0.18319086027360215
2024-08-23,0.20987668429696008
2024-08-26,0.14335662139144867
2024-08-27,0.19246562502994588
2024-08-28,0.13607672533928555
2024-08-29,0.04751840388559771
2024-08-30,0.11675022552476562
2024-09-03,0.266581259994918
2024-09-04,0.1968952722291219
2024-09-05,0.2389382248526577
2024-09-06,0.18022961566321047
2024-09-09,0.205244393467293
2024-09-10,0.20817712540605784
2024-09-11,0.16028805678931068
2024-09-12,0.2561985742839297
2024-09-13,0.2736075969315421
2024-09-16,0.2672156669386161
2024-09-17,0.3090712505771752
2024-09-18,0.27339884344284526
2024-09-19,0.31819734211717876
2024-09-20,0.29653789477775944
2024-09-23,0.3007852645404636
2024-09-24,0.3929820065556816
2024-09-25,0.28699124133125936
2024-09-26,0.37610963312047524
2024-09-27,0.37736928222056276
2024-09-30,0.29746557491533404
2024-10-01,0.2861857583578001
2024-10-02,0.22517882417328608
2024-10-03,0.207587524089202
2024-10-04,0.15485333791528713
2024-10-07,0.19962943377619952
2024-10-08,0.3118064304339538
2024-10-09,0.2531823409496862
2024-10-10,0.33600554216756734
2024-10-11,0.2919870687241692
2024-10-14,0.3181993787365807
2024-10-15,0.29036897460934374
2024-10-16,0.23785881656964006
2024-10-17,0.2850360867054162
2024-10-18,0.2684681878707969
2024-10-21,0.2833467109115235
2024-10-22,0.2970277017439212
2024-10-23,0.3305932261069649
2024-10-24,0.3847937782502622
2024-10-25,0.37349359549870903
2024-10-28,0.4183990166916433
2024-10-29,0.3780464581717012
2024-10-30,0.3670894457893715
2024-10-31,0.37547420786707625
2024-11-01,0.3574093937720457
2024-11-04,0.3142300075222386
2024-11-05,0.3142157511864252
2024-11-06,0.04346553127577689
2024-11-07,0.0746706137519953
2024-11-08,-0.11443357095508161
2024-11-11,-0.11018110964387262
2024-11-12,-0.15562419835891383
2024-11-13,-0.1880991130322294
2024-11-14,-0.12694350563137527
2024-11-15,-0.06237656073230516
2024-11-18,-0.10033099990648649
2024-11-19,-0.22940786436137303
2024-11-20,-0.22635497187789486
2024-11-21,-0.23060946980850583
2024-11-22,-0.23573564084313844
2024-11-25,-0.16449978571248125
2024-11-26,-0.2438973930963329
2024-11-27,-0.1925776390970515
2024-11-29,-0.29751852701978393
2024-12-02,-0.3085651506557981
2024-12-03,-0.2228346752416761
2024-12-04,-0.23654825198450455
2024-12-05,0.026911888776971038
2024-12-06,-0.11454558502218722
2024-12-09,-0.1430399270744501
2024-12-10,-0.13045361917058443
2024-12-11,-0.18525395572774714
2024-12-12,-0.2226310133014842
2024-12-13,-0.1703805242355253
2024-12-16,-0.17454337429304978
2024-12-17,-0.020202246157345553
2024-12-18,0.06537650111133333
2024-12-19,0.053145583293102705
2024-12-20,-0.11358226404507904
2024-12-23,-0.09294316302602165
2024-12-24,-0.17148946349987074
2024-12-26,-0.16940294692260366
2024-12-27,-0.16316580000422365
2024-12-30,-0.06511886875699045
2024-12-31,0.02529175804274366
2025-01-02,-0.007328774917809162
2025-01-03,-0.035836354996184525
2025-01-06,-0.0023767348420406535
2025-01-07,0.062312407221144686
2025-01-08,0.026508638135390873
2025-01-10,0.10486145976605757
2025-01-13,0.06091426800172659
2025-01-14,-0.018474174594816428
2025-01-15,-0.08771516102129298
2025-01-16,-0.057264646033485925
2025-01-17,-0.11187659529597103
2025-01-21,-0.06117393697547139
2025-01-22,-0.0802061452864139
2025-01-23,-0.15569242510887818
2025-01-24,-0.1161422946332925
2025-01-27,-0.06881013820495048
2025-01-28,-0.10200189311875275
2025-01-29,-0.10783374402813596
2025-01-30,-0.00941425906360184
2025-01-31,-0.09787570839990853
2025-02-03,-0.1504295749238055
2025-02-04,-0.13894611365174084
2025-02-05,-0.2015018030553238
2025-02-06,-0.3331446104870373
2025-02-07,-0.3646276442857802
2025-02-10,-0.4003437851615802
2025-02-11,-0.4024109507536961
2025-02-12,-0.385008064069331
2025-02-13,-0.3491951839170527
2025-02-14,-0.33086563679484254
2025-02-18,-0.3649942352282244
2025-02-19,-0.36770395327779115
2025-02-20,-0.3345284912947642
2025-02-21,-0.18523636660070916
2025-02-24,-0.20753731559939823
2025-02-25,-0.20228080880801771
2025-02-26,-0.22607357928082
2025-02-27,-0.26506765416697525
2025-02-28,-0.24589494787714342
2025-03-03,0.1256694116862199
2025-03-04,0.024286649936928487
2025-03-05,0.1664475624922703
2025-03-06,0.10756185574582315
2025-03-07,-0.11677550809925416
2025-03-10,0.04911300320578872
2025-03-11,-0.44746090434739505
2025-03-12,-0.04492877492105752
2025-03-13,-0.13357250142041285
2025-03-14,-0.02245675014922784
2025-03-17,0.01782039303548212
2025-03-18,0.03971401876478873
2025-03-19,0.04409783545151733
2025-03-20,0.09580548788327224
2025-03-21,0.24664238607646022
2025-03-24,0.21277040130278926
2025-03-25,0.15517692762845792
2025-03-26,0.09041150948847518
2025-03-27,0.10900887166030433
2025-03-28,0.07289660890502989
2025-03-31,0.13994303735355437
2025-04-01,0.12367760089893973
2025-04-02,0.12309614693189631
2025-04-03,-0.043152845466550044
2025-04-04,-0.02287629311669176
2025-04-07,0.14687262447392327
2025-04-08,-0.03065311263737616
2025-04-09,0.2058876563583993
2025-04-10,-0.059050672670547005
2025-04-11,-0.09254893834455957
2025-04-14,-0.07824069019932761
2025-04-15,-0.07294243277283542
2025-04-16,-0.08828935525499262
2025-04-17,-0.10328292480096056
2025-04-21,-0.1304574967178106
2025-04-22,0.10646513784301091
2025-04-23,0.10698345670330009
2025-04-24,0.08827204401604387
2025-04-25,0.028631770913065763
2025-04-28,0.10148662918298396
2025-04-29,0.10108236083812186
2025-04-30,0.09592666655591352
2025-05-01,0.12306763430303952
2025-05-02,0.11436211772816317
2025-05-05,0.16714612189926117
2025-05-06,0.13285866739082014
2025-05-07,0.04939100133714225
2025-05-08,0.06264224559832675
2025-05-09,0.11884572861589045
2025-05-12,-0.07930889547328307
2025-05-13,-0.06884476068284799
2025-05-14,-0.07437111914019436
2025-05-15,-0.07737309163554301
2025-05-16,-0.06737126875585697
2025-05-19,0.024811078646258394
2025-05-20,0.11515945302797928
2025-05-21,0.292283976718937
2025-05-22,0.23164677991414537
2025-05-23,0.3027358918112906
2025-05-27,0.23284940186699707
2025-05-28,0.21184985071398493
2025-05-29,0.20120140214415427
2025-05-30,0.19295819748002693
2025-06-02,0.21983033186936052
2025-06-03,0.14169758233641927
2025-06-04,0.2665452193266601
2025-06-05,0.3040057221035904
2025-06-06,0.23624444131729974
2025-06-09,0.20111993749027776
2025-06-10,0.13914468374556477
2025-06-11,0.13479752615308058
2025-06-12,0.1765451063402612
2025-06-13,0.21116554762142242
2025-06-16,0.1975538222668344
2025-06-17,0.1566656941780508
2025-06-18,0.1500955698429119
2025-06-20,0.12779360253604938
2025-06-23,0.07553097214976087
2025-06-24,-0.006955044824705307
2025-06-25,0.04303370341025568
2025-06-26,0.09522199729988189
2025-06-27,0.29074123983615097
2025-06-30,0.25546500809128403
2025-07-01,0.24378399503356885
2025-07-02,0.19245820816686
2025-07-03,0.14244298391938914
2025-07-07,0.1381202657230679
2025-07-08,0.15210774679366118
2025-07-09,0.13963550828517063
2025-07-10,0.14213443654283195
2025-07-11,0.1291438791740522
2025-07-14,0.09584316528569013
2025-07-15,0.05704664218518537
2025-07-16,0.035427959662711915
2025-07-17,-0.022163477395272475
2025-07-18,-0.006865433705441169
2025-07-21,-0.0443513941867079
2025-07-22,-0.02406160383059469
2025-07-23,0.019479217050042144
2025-07-24,-0.022854908645049184
2025-07-25,-0.016307187089726324
2025-07-28,-0.054998824448365104
2025-07-29,-0.08198602766129924
2025-07-30,-0.1604181597972366
2025-07-31,-0.12978541332332957
2025-08-01,-0.0980091067706313
2025-08-04,-0.05772687204505405
2025-08-05,-0.05730020092037594
2025-08-06,-0.011465131724942469
2025-08-07,0.018974136196007903
2025-08-08,-0.023329440253879737
2025-08-11,-0.0035253828965050916
2025-08-12,-0.00381458241776663
2025-08-13,0.06100582436358277
2025-08-14,0.025820222046153404
2025-08-15,0.07953495988779034
2025-08-18,0.03185777120657475
2025-08-19,0.13238719070650995
2025-08-20,0.13830865273515727
2025-08-21,0.15661579707755144
2025-08-22,0.1602481023322694
2025-08-25,0.09974634051454745
2025-08-26,0.04621387983595915
2025-08-27,0.06874802140636965
2025-08-28,0.039558217614249935
2025-08-29,0.04023233762507789
2025-09-02,-0.07723663834029988
2025-09-03,-0.061128021344397494
2025-09-04,-0.10229414756453466
2025-09-05,-0.05182068463900855
2025-09-08,-0.010665759808779414
2025-09-09,-0.035901472963369006
2025-09-10,-0.03436790085414409
2025-09-11,-0.12893818092301407
2025-09-12,-0.009026283649515058
2025-09-15,0.03889326237698309
2025-09-16,-0.015224725501342467
2025-09-17,-0.15772269806209827
2025-09-18,-0.09225057404973692
2025-09-19,-0.14473519561783887
2025-09-22,-0.14091043011833768
2025-09-23,-0.12206256413583834
2025-09-24,-0.0673498842842144
2025-09-25,-0.06595378377840606
2025-09-26,-0.03664381962181852
2025-09-29,-0.0559041004145676
2025-09-30,-0.022987288707598478
2025-10-01,0.02823768564993824
2025-10-02,0.10163326555996163
2025-10-03,0.11523175290829467
2025-10-06,0.07630081312889371
2025-10-07,0.06375627474008774
2025-10-08,0.0016191099957952328
2025-10-09,0.0179415717081234
2025-10-10,0.08784129965867192
2025-10-13,0.09941131712548038
2025-10-14,0.10010987653247128
2025-10-15,0.07490878585577919
2025-10-16,0.14697445529126887
2025-10-17,0.08837692975790985
2025-10-20,0.09079541166986813
2025-10-21,0.10804046058734756
2025-10-22,0.07485583383075947
2025-10-23,0.12677325774624637
2025-10-24,0.1384267764832782
2025-10-27,0.08491671858450593
2025-10-28,0.04683301120542047
2025-10-29,0.01539987450717692
2025-10-30,0.04633200358408006
2025-10-31,-0.017542394904128598
2025-11-03,-0.00030447414386338025
2025-11-04,0.041581595954907256
2025-11-05,-0.03364388374281679
2025-11-06,0.05856901290450227
2025-11-07,-0.009805289402208992
2025-11-10,-0.03653180572273835
2025-11-11,0.029848649180345823
2025-11-12,0.05087162142134744
2025-11-13,0.1104619974238262
2025-11-14,0.030411773600267054
2025-11-17,0.0548969936310195
2025-11-18,-0.07616537814182403
2025-11-19,-0.11119925254140842
2025-11-20,0.016613697849936618
2025-11-21,-0.06583566003028514
2025-11-24,-0.15680316578146736
2025-11-25,-0.12745857914698233
2025-11-26,-0.11244362512937181
2025-11-28,-0.14146642638104473
2025-12-01,-0.15292748487329338
2025-12-02,-0.23987267333932394
2025-12-03,-0.23854785440565748
2025-12-04,-0.20332864791850408
2025-12-05,-0.20147227211829358
2025-12-08,-0.13108273793631264
2025-12-09,-0.1378300478936329
2025-12-10,-0.12578244389347354
2025-12-11,-0.13089536923239672
2025-12-12,-0.10166788803785914
2025-12-15,-0.08964370512568925
2025-12-16,-0.10756491067034354
2025-12-17,-0.016055664970882663
2025-12-18,0.0189649714224468
2025-12-19,0.029674518482684827
2025-12-22,-0.05560268119522459
2025-12-23,0.0317080799050767
2025-12-24,-0.01489886688583651
2025-12-26,-0.06802604091138925
2025-12-29,-0.0914206528883702
2025-12-30,-0.030376132814196096
2025-12-31,-0.011017076128621777
2026-01-02,-0.020814219065443118
2026-01-05,-0.035388245643947124
2026-01-06,0.05619228162765568
2026-01-07,0.052876670214882536
2026-01-08,0.08979950627622806
2026-01-09,0.06438049765041634
2026-01-12,0.10242143608621666
2026-01-13,0.08297378658955167
2026-01-14,0.05563221213225481
2026-01-15,0.04572407360452675
2026-01-16,0.028575763963525676
2026-01-20,0.029825228092356333
2026-01-21,0.01776540439411549
2026-01-22,-0.01918594429608678
2026-01-23,-0.012865305463444636
2026-01-26,0.011677958133194798
2026-01-27,0.023988285642105846
2026-01-28,-0.035617364982974756
2026-01-29,-0.029908729362579736
2026-01-30,0.02960832845141018
2026-02-02,0.14788278618199174
2026-02-03,0.030909726297087103
2026-02-04,0.15205479476864148
2026-02-05,0.20219730753779433
2026-02-06,0.2363452538264719
2026-02-09,0.20644670754562672
2026-02-10,0.21552492491198808
2026-02-11,0.13557144036490723
2026-02-12,0.25239684556466074
2026-02-13,0.22907657008434212
2026-02-17,0.21423778338073948
2026-02-18,0.2356263282560119
2026-02-19,0.2665808601127311
2026-02-20,0.3181469677083756
2026-02-23,0.3341344060316367
2026-02-24,0.2914204513878462
2026-02-25,0.26765110200303344
2026-02-26,0.24596215621659154
2026-02-27,0.22917534597716735
2026-03-02,0.0777488473515483
2026-03-03,-0.09554072775817365
2026-03-04,0.017427326080528056
2026-03-05,-0.012948806733668038
2026-03-06,-0.0061251236633385695
2026-03-09,0.025434283248413538
2026-03-10,-0.040276124876536507
2026-03-11,-0.07067669708689554
2026-03-12,-0.0756256748098923
2026-03-13,-0.07227340430287475
2026-03-16,-0.04860384911906066
2026-03-17,-0.01752813858970021
2026-03-18,-0.055821617452517645
2026-03-19,-0.07835575902292816
2026-03-20,-0.07992191699370367
2026-03-23,-0.02573162923506272
2026-03-24,0.021685890861921558
2026-03-25,-0.02549741835516782
2026-03-26,-0.029071680043998807
2026-03-27,-0.005835924142077031
2026-03-30,0.014272607359160994
2026-03-31,0.03547785676321127
2026-04-01,0.06955248486339999
2026-04-02,0.049672054393016134
2026-04-06,0.0349778674500443
2026-04-07,-0.020234801714746585
2026-04-08,0.052402138606051994
2026-04-09,0.06441206520379349
2026-04-10,0.09969746172222155
2026-04-13,0.11115750190629674
2026-04-14,0.10242449101073704
2026-04-15,0.06886716346266403
2026-04-16,0.06052823783023184
2026-04-17,0.06457397620337302
2026-04-20,0.03308686917193629
2026-04-21,-0.026824273905181148
2026-04-22,-0.05363734642045428
2026-04-23,-0.0010233997143234018
2026-04-24,-0.06239581502035037
2026-04-27,-0.054030413375408336
2026-04-28,-0.07233450279328212
2026-04-29,-0.08031600225683118
2026-04-30,-0.08958667986797572
2026-05-01,-0.046719978998166836
2026-05-04,-0.052575250995539544
2026-05-05,-0.029331348628230117
2026-05-06,0.06698940319081094
2026-05-07,0.019858027690567822
2026-05-08,0.03324063370612816
2026-05-11,-0.009611810849252327
2026-05-12,-0.09641036293830518
2026-05-13,-0.03301966083248819
2026-05-14,-0.05741323312762956
2026-05-15,-0.03837392520852047
2026-05-18,-0.03361027957309273
2026-05-19,-0.037064380897455895
2026-05-20,0.0164446586931429
2026-05-21,-0.012782822501394689
2026-05-22,-0.013516004386283097
2026-05-26,-0.011583255473063379
2026-05-27,0.012863268847097724
2026-05-28,0.017758276236901297
2026-05-29,0.006234082637898374
2026-06-01,-0.033635737277429134
2026-06-02,-0.0234068316750624
2026-06-03,-0.06733155473709218
2026-06-04,-0.0877557617721016
2026-06-05,-0.001755563291038353
2026-06-08,-0.012056768773720474
2026-06-09,0.03774461075732459
2026-06-10,0.08998992990466434
2026-06-11,0.04325976782476294
2026-06-12,0.05811892069183465
2026-06-15,0.01855561153671744
2026-06-16,0.02353819342943824
2026-06-17,0.06415137831138873
2026-06-18,-0.003276915702181798
2026-06-22,0.005329824979869339
2026-06-23,-0.040273069952016134
2026-06-24,-0.017259305231907798
2026-06-25,-0.017586182155587212
2026-06-26,-0.057495716089679516
2026-06-29,-0.05635826585992902
2026-06-30,-0.036879048809886884
