date,sub,n_valid,share_sig,state,ic
2018-11-27,P1,178,0.06741573033707865,-0.0022235998283433034,0.02911390115636394
2018-12-26,P1,178,0.0898876404494382,0.00037756467816318917,-0.12057612862248106
2019-01-24,P1,179,0.0782122905027933,0.005566733257775347,0.03549523421449918
2019-02-22,P1,179,0.0670391061452514,0.0018759149893670113,0.09964476040211548
2019-03-25,P1,179,0.0893854748603352,-0.0011602081565307287,0.0038834138890632523
2019-04-23,P1,179,0.0782122905027933,-0.006955667331540738,0.015623626890967295
2019-05-22,P1,181,0.08839779005524862,-0.004157602287157225,0.12320841964304395
2019-06-20,P1,181,0.13259668508287292,0.0006742425848083045,-0.05947523695938735
2019-07-19,P1,181,0.14917127071823205,0.006013758694459526,-0.210736956901962
2019-08-19,P1,181,0.12154696132596685,0.01694463442401961,0.025039969238864264
2019-09-17,P1,181,0.143646408839779,0.019582922109559142,-0.08190759516726367
2019-10-16,P1,182,0.14285714285714285,0.019096174586929138,0.2657519276303807
2019-11-14,P1,182,0.17032967032967034,0.015372211853939,0.11925404245846234
2019-12-13,P1,182,0.16483516483516483,0.013072058103527517,-0.19051868941371702
2020-01-13,P1,182,0.038461538461538464,0.013768576666650212,0.005459172654173106
2020-02-11,P1,182,0.038461538461538464,0.026663142220156644,0.12190825205950646
2020-03-11,P1,183,0.0546448087431694,0.04598249375959895,0.11383245863818275
2020-04-09,P1,184,0.09239130434782608,0.10138915872864729,0.061740903784196964
2020-05-08,P1,184,0.07065217391304347,0.13106925459860452,-0.06636093770805104
2020-06-08,P1,184,0.07065217391304347,0.11894577564643072,0.3120109418042419
2020-07-07,P1,184,0.04891304347826087,0.06894036897582456,-0.02585001252143091
2020-08-05,P1,185,0.05405405405405406,0.005794539797322251,0.007456993700757065
2020-09-03,P1,185,0.043243243243243246,-0.001818676500548122,0.02420681551116334
2020-10-02,P1,185,0.043243243243243246,-0.00306838624740724,0.003436185133239832
2020-11-02,P1,185,0.05945945945945946,-0.020755492699708,-0.08427656267768471
2020-12-01,P1,185,0.043243243243243246,-0.018165495229234274,-0.00903112088245328
2020-12-30,P1,186,0.010752688172043012,0.005943070685287211,0.11770402941510935
2021-01-28,P1,186,0.016129032258064516,0.01966311594331316,-0.12317197983397143
2021-02-26,P1,186,0.016129032258064516,0.0318603100787378,0.11429863536125395
2021-03-29,P1,186,0.021505376344086023,0.004839395965304583,0.11022010452750489
2021-04-27,P1,186,0.043010752688172046,-0.009667964943528062,-0.1854743133680515
2021-05-26,P2,186,0.06989247311827956,-0.01093994251310626,0.09485894381530055
2021-06-24,P2,186,0.06989247311827956,-0.006970144666820666,-0.1649287376042594
2021-07-23,P2,187,0.053475935828877004,-0.0003793342146165557,-0.029777750840369436
2021-08-23,P2,187,0.0481283422459893,0.0010599135786986125,-0.038276088750472045
2021-09-21,P2,187,0.0481283422459893,-0.00020714584623338084,-0.09018237606392156
2021-10-20,P2,189,0.06349206349206349,0.0013712794968085973,-0.08854543252379259
2021-11-18,P2,189,0.07936507936507936,-0.026860942017957967,0.1709633376030889
2021-12-17,P2,189,0.047619047619047616,-0.023725032651758404,-0.15337990365985887
2022-01-17,P2,190,0.05263157894736842,-0.021531572582982328,-0.1482216178744734
2022-02-15,P2,190,0.042105263157894736,-0.004414381229149278,0.2479087790397981
2022-03-16,P2,190,0.03684210526315789,-0.008738844300604676,0.022701605672120966
2022-04-14,P2,190,0.031578947368421054,-0.012205818441398897,-0.042356327117969446
2022-05-13,P2,190,0.031578947368421054,-0.02208276389644137,0.020526884401229954
2022-06-13,P2,190,0.021052631578947368,-0.02700416283888618,0.012065941467980597
2022-07-12,P2,191,0.015706806282722512,-0.02136950029786089,0.07827509436768186
2022-08-10,P2,191,0.02617801047120419,-0.0256352394489614,0.06183609110035124
2022-09-08,P2,191,0.041884816753926704,-0.020813810570266433,0.1053742558840382
2022-10-07,P2,191,0.020942408376963352,-0.015272803002835289,0.010631372278864699
2022-11-07,P2,191,0.04712041884816754,-0.019885826595297473,-0.013676288233673187
2022-12-06,P2,192,0.041666666666666664,-0.01908381781460733,-0.03994729953155139
2023-01-04,P2,192,0.041666666666666664,-0.04027236044367655,0.04849131992284376
2023-02-02,P2,192,0.026041666666666668,-0.018359736829305362,0.2394253723245531
2023-03-03,P2,192,0.052083333333333336,-0.012171899492806837,-0.20944103843962789
2023-04-03,P2,192,0.057291666666666664,0.013738528783624915,0.041995022108889675
2023-05-02,P2,192,0.07291666666666667,0.02272165476952992,-0.12399458806933783
2023-05-31,P2,192,0.09895833333333333,0.03264305248809318,-0.016159495971570414
2023-06-29,P2,192,0.078125,0.03647383071722832,-0.01158173507310854
2023-07-28,P2,192,0.015625,0.07999448020582012,0.08574654802918917
2023-08-28,P2,192,0.015625,0.07979277490303183,0.040586089032363076
2023-09-26,P2,192,0.020833333333333332,0.07498464416269446,0.01567967881073163
2023-10-25,P2,193,0.025906735751295335,0.02721675217624764,0.01505405148794184
2023-11-23,P3,193,0.031088082901554404,0.0342666817373809,-0.11603776144101133
2023-12-22,P3,193,0.025906735751295335,0.040261156804533904,0.16739724106618234
2024-01-22,P3,193,0.015544041450777202,0.04302494527775469,-0.11541183697452058
2024-02-20,P3,193,0.015544041450777202,0.03265907161584192,0.21840947331873295
2024-03-20,P3,193,0.015544041450777202,0.01450749588476441,0.03437316382671866
2024-04-18,P3,193,0.031088082901554404,0.005212952630780698,-0.042752790983387634
2024-05-17,P3,193,0.025906735751295335,0.009711940318978485,-0.08007885529619145
2024-06-17,P3,193,0.02072538860103627,0.01814834349772987,0.17430292185246515
2024-07-16,P3,194,0.041237113402061855,0.021481987876322606,-0.161519817317451
2024-08-14,P3,194,0.05670103092783505,0.00991008046496944,-0.13725729127717537
2024-09-12,P3,194,0.041237113402061855,0.008597623481917616,0.07346007979521146
2024-10-11,P3,194,0.04639175257731959,0.011626398560488305,0.13009249177188922
2024-11-11,P3,194,0.05154639175257732,0.023545184318473744,-0.1883783328471112
2024-12-10,P3,194,0.03608247422680412,0.021194457558353363,0.1358219687475603
2025-01-08,P3,194,0.030927835051546393,0.010717412418308925,-0.20225168773857413
2025-02-06,P3,196,0.030612244897959183,0.0030266367041384967,-0.21148196389903562
2025-03-07,P3,196,0.04081632653061224,0.002757821995618137,0.012878174653720832
2025-04-07,P3,196,0.04591836734693878,0.006932025541097175,-0.1059375722174852
2025-05-06,P3,196,0.04081632653061224,0.005827886047014452,0.013757381125038848
2025-06-04,P3,196,0.04591836734693878,0.006669383505009563,-0.032316776769278584
2025-07-03,P3,196,0.03571428571428571,0.004508022047900795,-0.12026073998517799
2025-08-01,P3,196,0.07142857142857142,0.008454542827915468,-0.04282765820111723
2025-09-01,P3,196,0.00510204081632653,0.0317775819875461,0.027111539656862357
2025-09-30,P3,196,0.00510204081632653,0.03794329379599937,0.10864537927627124
2025-10-29,P3,197,0.01015228426395939,0.04000794131722074,0.13856194566854466
2025-11-27,P3,197,0.01015228426395939,0.03468537586443965,-0.01250308792005674
2025-12-26,P3,199,0.020100502512562814,0.04278339814023724,0.08113822363278493
2026-01-26,P3,199,0.01507537688442211,0.043619597658179465,0.06536200082247944
2026-02-24,P3,199,0.01507537688442211,0.01672250852833823,0.015556570732450129
2026-03-25,P3,200,0.03,0.0373224687444047,-0.1665676869194457
2026-04-23,out,200,0.045,0.04964970257896706,-0.07606060606060606
2026-05-22,out,200,0.04,0.05663279679942246,-0.020829520738018453
2026-06-22,out,200,0.03,0.0049156574936723985,-0.022203555088877225
2026-07-21,out,200,0.025,0.0047805453953779775,
