,0
2018-11-27,-3.746785123803168e-05
2018-11-28,0.0002245110956224268
2018-11-29,0.0003981590709760093
2018-11-30,-0.00014360035120835474
2018-12-03,0.0006383590769349391
2018-12-04,-0.0007078284116171958
2018-12-05,0.0001325963319056601
2018-12-06,-0.00023634229336671683
2018-12-07,-0.00027233554895575787
2018-12-10,0.00036025073108774156
2018-12-11,-8.455774049312371e-06
2018-12-12,-3.267942528303175e-06
2018-12-13,-0.000204870960483479
2018-12-14,0.00041227303936897455
2018-12-17,0.0002600955376458186
2018-12-18,-0.00046013209418617864
2018-12-19,-0.00015546768317264287
2018-12-20,7.458040179715575e-05
2018-12-21,-0.0008625251486780311
2018-12-24,0.00028992318641358344
2018-12-25,-0.00035492995135525535
2018-12-26,0.00020230910806178642
2018-12-27,0.0007427326449096702
2018-12-28,0.00023618265324831193
2018-12-31,9.609501191703423e-05
2019-01-01,-3.048957155397342e-06
2019-01-02,0.0007632060623977588
2019-01-03,-0.001142378665947335
2019-01-04,0.00037605950133517974
2019-01-07,0.0009409224015129152
2019-01-08,0.0005055621707846774
2019-01-09,0.0007066809090692594
2019-01-10,-0.00046445790826197576
2019-01-11,0.0003807368975723364
2019-01-14,0.00019037570414864695
2019-01-15,0.0001838682453869367
2019-01-16,3.6365199150509026e-05
2019-01-17,0.0003778941506252728
2019-01-18,7.447539120790034e-05
2019-01-21,-2.714499864650609e-05
2019-01-22,-0.0005252029172292533
2019-01-23,7.559929285404655e-05
2019-01-24,0.0006023050264577765
2019-01-25,0.0017502214884676497
2019-01-28,-0.0011915832007765477
2019-01-29,-0.0018893032313567473
2019-01-30,0.0023931442189719515
2019-01-31,0.0019022090657039425
2019-02-01,0.00012009542611323277
2019-02-04,0.0010076151829087523
2019-02-05,-0.0019417359757850743
2019-02-06,-0.0006357638211410051
2019-02-07,-0.0012231825355235888
2019-02-08,-0.0008408069658154813
2019-02-11,0.001395691941146871
2019-02-12,-0.00012524948793771022
2019-02-13,0.0006636019199310055
2019-02-14,0.00036281401977255565
2019-02-15,-0.00025708189954621805
2019-02-18,-2.465483056606247e-05
2019-02-19,0.00043898460630427513
2019-02-20,0.0001876113036895933
2019-02-21,-0.0002945279146877246
2019-02-22,0.000984893186280868
2019-02-25,0.0017967904504235608
2019-02-26,0.0007944556233450055
2019-02-27,-0.002056348789428182
2019-02-28,-0.0021903438227278225
2019-03-01,0.0003686294827758372
2019-03-04,-0.0006969790193233731
2019-03-05,0.0005549573234238205
2019-03-06,2.0923752736174556e-05
2019-03-07,-0.0016616588332955193
2019-03-08,-0.0014723505258111263
2019-03-11,-0.0002443288174037387
2019-03-12,0.0010100286220268125
2019-03-13,-0.0011130720837749554
2019-03-14,-0.0019915870347734475
2019-03-15,0.0003313292547382461
2019-03-18,0.001104602055463191
2019-03-19,0.0016723970173338292
2019-03-20,0.00024558068369429564
2019-03-21,0.0009774589602429083
2019-03-22,-0.000539697083295234
2019-03-25,-0.00021631919967985054
2019-03-26,0.0007808181950154603
2019-03-27,-0.00017913850525426607
2019-03-28,0.0012094789679096669
2019-03-29,-0.0002757007294441286
2019-04-01,0.001025582179544451
2019-04-02,0.000479894521144565
2019-04-03,0.0018926380391036165
2019-04-04,-0.0002839469643457919
2019-04-05,0.0020558074056467633
2019-04-08,0.000634320223403238
2019-04-09,-0.00036775976291379946
2019-04-10,0.0008754372505634178
2019-04-11,-0.00019333952188376358
2019-04-12,0.00037390149470402194
2019-04-15,-0.00024873904944503573
2019-04-16,0.0010529114452619594
2019-04-17,0.0011640969799668545
2019-04-18,-0.0013545178683760243
2019-04-19,0.004372965825110372
2019-04-22,4.338803831503528e-06
2019-04-23,-0.0008266046835788375
2019-04-24,-0.000386123718677587
2019-04-25,0.0006982029185965874
2019-04-26,-0.0008730522923469596
2019-04-29,0.0007588264254272531
2019-04-30,-0.0011648064161734974
2019-05-01,0.0007062494646181113
2019-05-02,0.0009863304108354096
2019-05-03,0.0010093807111860621
2019-05-06,0.0005296363859213513
2019-05-07,-0.002036107339576064
2019-05-08,0.0015011868156856079
2019-05-09,-0.0008146676302096863
2019-05-10,-0.0016032458910274659
2019-05-13,0.0006297484967288033
2019-05-14,0.000640722495515271
2019-05-15,0.00015545330220792
2019-05-16,-0.0012513658761333073
2019-05-17,-0.00026376745287594577
2019-05-20,-0.0015828783370064933
2019-05-21,0.00083213275211696
2019-05-22,-0.000679023632868894
2019-05-23,-0.0012742788156130547
2019-05-24,0.0006171718752142796
2019-05-27,-0.00022810363241111795
2019-05-28,0.0039381237258748125
2019-05-29,0.000491324013874108
2019-05-30,-0.001183727706988383
2019-05-31,0.00018564152780389635
2019-06-03,-0.0029008993547790223
2019-06-04,0.00014226854893086005
2019-06-05,0.00033335388491325356
2019-06-06,0.00017423369436047904
2019-06-07,0.0008959840348794698
2019-06-10,0.002705155395233916
2019-06-11,-0.0010931175824745662
2019-06-12,-0.0015824911613798454
2019-06-13,4.963729307445137e-05
2019-06-14,0.00037902124052954355
2019-06-17,4.587463892866887e-05
2019-06-18,-0.0021237914933357246
2019-06-19,0.0025095081492880083
2019-06-20,0.0010852243517513235
2019-06-21,-5.2303565685064076e-05
2019-06-24,-0.00021967642792742898
2019-06-25,-0.002984038920444382
2019-06-26,0.000840885307148356
2019-06-27,0.001877683088138453
2019-06-28,-0.0006633183860307468
2019-07-01,1.3817461112236237e-05
2019-07-02,-0.0011431237455815065
2019-07-03,-0.0004164979417723546
2019-07-04,-6.143146449100146e-06
2019-07-05,0.00103937207111636
2019-07-08,-0.00136996023243891
2019-07-09,0.001270343886349161
2019-07-10,0.0006589311248383798
2019-07-11,0.0014439062257509583
2019-07-12,0.001643210480422922
2019-07-15,-9.525322318053244e-05
2019-07-16,8.003190197301228e-05
2019-07-17,-0.0007765817956898475
2019-07-18,-0.0015212046255493805
2019-07-19,0.0007324126834451251
2019-07-22,-0.0006496118195780079
2019-07-23,0.0006844423124936876
2019-07-24,0.0035192887352267044
2019-07-25,-0.0014562687260604931
2019-07-26,0.00016628084469696904
2019-07-29,-0.002140482891382585
2019-07-30,0.0024206271101674397
2019-07-31,0.0002361677563383919
2019-08-01,0.000352192045217109
2019-08-02,-0.0010901910449643004
2019-08-05,-0.0018778863945868446
2019-08-06,-0.002331478258687604
2019-08-07,0.00033993002108864754
2019-08-08,0.002528591804266938
2019-08-09,-0.006302619413547604
2019-08-12,-0.0018325825008256198
2019-08-13,-0.0033855745950826556
2019-08-14,0.0013306015446459783
2019-08-15,-0.0006511933087776439
2019-08-16,0.0004841065987382497
2019-08-19,0.0012555525158524927
2019-08-20,0.000501511716418386
2019-08-21,-0.0017877697754517573
2019-08-22,9.143321005400861e-05
2019-08-23,-0.000659603799264559
2019-08-26,-0.0011785947219945516
2019-08-27,-0.0012182188926004385
2019-08-28,-0.0008387624725553892
2019-08-29,0.001695904341857844
2019-08-30,-0.00022702510065023104
2019-09-02,2.210496859363217e-06
2019-09-03,-0.0002450517277522296
2019-09-04,0.0006643743520268683
2019-09-05,0.0014157289084270192
2019-09-06,-0.00013016721736696995
2019-09-09,0.0012404809983594057
2019-09-10,0.0010582802580812113
2019-09-11,-0.0001164046298456527
2019-09-12,-0.0008207681755350348
2019-09-13,0.0016408534422872598
2019-09-16,0.0007374879486592243
2019-09-17,-0.00029648853471864016
2019-09-18,-0.0005960023268828556
2019-09-19,-0.0012448851387201513
2019-09-20,0.0002648031564883892
2019-09-23,-0.00017228328966710765
2019-09-24,-0.003379328138692299
2019-09-25,0.00146631285381004
2019-09-26,-0.0008409341546908514
2019-09-27,-8.683093483967917e-05
2019-09-30,-0.0025711319085039565
2019-10-01,0.0008348786687561068
2019-10-02,0.0023824415675448157
2019-10-03,-0.00018983714865648208
2019-10-04,-0.0007018550475937444
2019-10-07,-0.0003597934536373093
2019-10-08,0.0009632655566547896
2019-10-09,-0.0010331414352167407
2019-10-10,-0.00021287851822242385
2019-10-11,0.0010014540410391189
2019-10-14,-0.00019563663390940176
2019-10-15,0.0017682172093923497
2019-10-16,-0.0014909676101435509
2019-10-17,-0.00036922686616015755
2019-10-18,-0.0006592418863559267
2019-10-21,0.0015455149261813707
2019-10-22,-0.00010295083186493293
2019-10-23,0.00034937985773260665
2019-10-24,0.0010652639469551266
2019-10-25,0.0006718283335899241
2019-10-28,0.0045071682303752325
2019-10-29,-0.0020147257076314515
2019-10-30,-0.0002586663082491808
2019-10-31,0.0009495959373758875
2019-11-01,0.0057792627542067355
2019-11-04,0.0038904570686206248
2019-11-05,0.0008070119260135322
2019-11-06,-0.0029013491275915247
2019-11-07,0.0027892576948125992
2019-11-08,0.008539391519697586
2019-11-11,0.0005682742155385409
2019-11-12,5.16523098497315e-05
2019-11-13,-0.0020762260512565594
2019-11-14,0.004214184917337762
2019-11-15,0.00039876717172331305
2019-11-18,0.0002551712668738854
2019-11-19,-0.0006800870202778361
2019-11-20,0.0029608040802997625
2019-11-21,9.714679490049373e-06
2019-11-22,-0.0016179540612065273
2019-11-25,0.0011599328523779814
2019-11-26,0.0003385206820311782
2019-11-27,-0.0011779077166066782
2019-11-28,3.498561764343796e-05
2019-11-29,-0.0001552045672774155
2019-12-02,0.0010956276898066043
2019-12-03,0.0013721516389177723
2019-12-04,-0.0034678356742536215
2019-12-05,-0.00031298607217005933
2019-12-06,-0.0013975569536165081
2019-12-09,0.0006297467881015025
2019-12-10,0.0011503203641837101
2019-12-11,-0.00018043608241937684
2019-12-12,0.00024255274558537647
2019-12-13,0.0007147710500973251
2019-12-16,0.001540045299906867
2019-12-17,-0.00043075029978109343
2019-12-18,0.001122953706827853
2019-12-19,-0.0030259140813100865
2019-12-20,0.001061157730382345
2019-12-23,0.0008429018853314276
2019-12-24,0.001560865906795316
2019-12-25,8.780218048166306e-05
2019-12-26,-0.0006788858699720915
2019-12-27,-0.0004711136344761977
2019-12-30,0.00184846162373771
2019-12-31,0.0004562335227590443
2020-01-01,-3.179439895574484e-05
2020-01-02,0.0037382348964771477
2020-01-03,0.00010389140832240892
2020-01-06,-0.0016799598208475136
2020-01-07,0.0029999814174425784
2020-01-08,0.0009573116638207559
2020-01-09,0.0003360601370086709
2020-01-10,0.0010139074798237897
2020-01-13,0.00023865508089982584
2020-01-14,0.0003116768024090666
2020-01-15,0.00038285634108072095
2020-01-16,-0.0013423477999618691
2020-01-17,-0.0021625685205465908
2020-01-20,-0.00011127962823018118
2020-01-21,0.0005810364869375704
2020-01-22,0.0012248972787413488
2020-01-23,0.0005156513564677945
2020-01-24,0.0008888889989144572
2020-01-27,-0.0028752138964208696
2020-01-28,0.0009934769398741716
2020-01-29,-0.00016520594879293547
2020-01-30,-0.0009341327752822287
2020-01-31,-0.00031781875814422544
2020-02-03,0.0037989073220335862
2020-02-04,0.005250771680190329
2020-02-05,-0.005906517500994597
2020-02-06,0.0020774328961325472
2020-02-07,0.0014657018132423092
2020-02-10,0.0005389845710012282
2020-02-11,-0.00017829194959121807
2020-02-12,0.001306191731350109
2020-02-13,-0.0002736992519631206
2020-02-14,0.0020086752417019862
2020-02-17,0.00010580591556003783
2020-02-18,0.005429427897057787
2020-02-19,0.005827889805825026
2020-02-20,-0.003779854476686358
2020-02-21,-0.002929308296798768
2020-02-24,-0.000845586979493447
2020-02-25,-0.001587910998558699
2020-02-26,-0.0008115013776742832
2020-02-27,-0.005567033875224697
2020-02-28,0.0011967883238242528
2020-03-02,-0.002559897447905843
2020-03-03,0.0014782598623949497
2020-03-04,-0.0011634025679943677
2020-03-05,4.1635993505855645e-05
2020-03-06,-0.0010978929825571568
2020-03-09,-0.002983428256051579
2020-03-10,-0.0026799258398541234
2020-03-11,-0.0020795455870074656
2020-03-12,-0.005308481925957759
2020-03-13,-0.011448862406795143
2020-03-16,-0.0019036561028802357
2020-03-17,-0.011089569183931315
2020-03-18,-0.0027413078893536377
2020-03-19,0.013168971662711219
2020-03-20,0.006306008603628836
2020-03-23,0.006811453489664027
2020-03-24,0.004973436026016215
2020-03-25,-0.0013841891997745468
2020-03-26,-0.00459892617981969
2020-03-27,0.0019701822360546697
2020-03-30,-0.004322757423341407
2020-03-31,0.00470323085735398
2020-04-01,-0.002558484779259032
2020-04-02,-0.0034972997841514197
2020-04-03,-0.00014843743698528256
2020-04-06,0.002660751281443982
2020-04-07,0.0027203937468057984
2020-04-08,0.0024820648235539533
2020-04-09,0.0014828448544262907
2020-04-10,9.735813619697739e-07
2020-04-13,0.004290986037335026
2020-04-14,0.0036803989186169617
2020-04-15,-0.0007660048288332076
2020-04-16,-0.0006530908789449067
2020-04-17,0.0011711605069572792
2020-04-20,0.0011575869375538526
2020-04-21,-0.0031569325685033914
2020-04-22,0.003801431754778147
2020-04-23,0.0007091653947759569
2020-04-24,0.0015487098187536592
2020-04-27,0.0012658156545269882
2020-04-28,-0.0009707940379024456
2020-04-29,0.0011181906268416218
2020-04-30,0.0006416717552346369
2020-05-01,-0.004083294173624991
2020-05-04,0.0037587956344593523
2020-05-05,-0.0014024500834095687
2020-05-06,0.0006287250949261448
2020-05-07,-0.00030161653627859206
2020-05-08,0.004376777170292811
2020-05-11,0.0009721340242979837
2020-05-12,-0.00038427764827765956
2020-05-13,-0.003428749196069584
2020-05-14,0.0014480410735435607
2020-05-15,-0.0001322596824920837
2020-05-18,-0.0010477939971349215
2020-05-19,0.0013830166895630724
2020-05-20,0.0012227405362733243
2020-05-21,-0.0010414670848498155
2020-05-22,0.001069459536512584
2020-05-25,0.00022188610157830493
2020-05-26,-0.0017527886058498268
2020-05-27,-0.0009438665720796179
2020-05-28,-0.0007369214640693606
2020-05-29,0.0001850586600541885
2020-06-01,0.005360474169640252
2020-06-02,0.0012785187075581676
2020-06-03,-0.0016051460713130076
2020-06-04,0.0006380198600886679
2020-06-05,0.0003697102189295365
2020-06-08,0.003410295311860245
2020-06-09,-0.0004991670504496565
2020-06-10,0.002063400390143285
2020-06-11,-0.002490050572560895
2020-06-12,-0.0001672359977178666
2020-06-15,0.0011015112951607417
2020-06-16,-0.0006212542214851166
2020-06-17,-0.0010267619357238048
2020-06-18,0.0003615913886839341
2020-06-19,-0.00015563905859214606
2020-06-22,-0.00028641486079080195
2020-06-23,-0.0015767783857342796
2020-06-24,-0.00022518308628248843
2020-06-25,-0.0010276913689825258
2020-06-26,-0.0003858969126772256
2020-06-29,-8.273589907592874e-06
2020-06-30,0.003703964464246281
2020-07-01,-0.0006430585900539711
2020-07-02,9.125530875066755e-05
2020-07-03,0.0005926575476212874
2020-07-06,0.0013959726441219941
2020-07-07,0.0003185779722709916
2020-07-08,0.0011985597762027254
2020-07-09,0.0014367059853957066
2020-07-10,-0.0010628346161921523
2020-07-13,-0.0033834565941021216
2020-07-14,-0.0002464813058734097
2020-07-15,0.0015419762450089372
2020-07-16,-0.0006474255402010125
2020-07-17,-0.0004135556067593996
2020-07-20,0.001350491911682043
2020-07-21,0.0002498778639427648
2020-07-22,0.00044642650369611974
2020-07-23,-5.651158554802367e-05
2020-07-24,0.0017807962243509418
2020-07-27,-0.0007856228553058554
2020-07-28,-0.000654411012303938
2020-07-29,0.0030351746572945086
2020-07-30,0.0015048623449624137
2020-07-31,-0.00198627895169013
2020-08-03,0.0010242564037351697
2020-08-04,0.0035006664042286076
2020-08-05,-0.0017941939398755102
2020-08-06,-0.00015753161842512863
2020-08-07,-0.003949818924055945
2020-08-10,-0.0008606551493054836
2020-08-11,-0.0013849569003534304
2020-08-12,0.00180247424885574
2020-08-13,0.002033827495427491
2020-08-14,0.0005387951379351552
2020-08-17,0.0030954528529517694
2020-08-18,0.002318262031248545
2020-08-19,-0.00022476609477390698
2020-08-20,0.0014264243651061909
2020-08-21,0.0008429174696823628
2020-08-24,-0.001607994397718325
2020-08-25,0.00042192081632873996
2020-08-26,-0.0005919480835739274
2020-08-27,0.0010838962562919798
2020-08-28,0.00043035613828234804
2020-08-31,0.006777371295475914
2020-09-01,0.0009257899449347014
2020-09-02,-0.003768998611728646
2020-09-03,-0.003231254242486367
2020-09-04,0.00030206209133017484
2020-09-07,-0.000533212203843985
2020-09-08,-0.0032914934126442655
2020-09-09,0.0007377008644524966
2020-09-10,-0.0008112766507704979
2020-09-11,-0.0011131696917855917
2020-09-14,0.0034457526428149903
2020-09-15,0.0011365531701074232
2020-09-16,0.0008188788061473835
2020-09-17,-0.0007042771258236481
2020-09-18,0.0012850492341226639
2020-09-21,0.0031773115689361104
2020-09-22,0.0002615662790709534
2020-09-23,-0.003509616261061929
2020-09-24,-0.0006594758256764457
2020-09-25,0.002371448970743109
2020-09-28,0.00026731068820247395
2020-09-29,0.0009501257592590289
2020-09-30,8.166014091045334e-05
2020-10-01,0.0008465252909608222
2020-10-02,-0.0016769692481667844
2020-10-05,0.0024210034020613787
2020-10-06,0.0025213929039273573
2020-10-07,0.0010242606872847854
2020-10-08,0.0007836581375412904
2020-10-09,-0.001237446040031502
2020-10-12,-0.0007781143150887987
2020-10-13,0.0028447327839676356
2020-10-14,0.00041764490802653764
2020-10-15,-0.00021866708585204907
2020-10-16,0.00019744028589074045
2020-10-19,0.0010834978430163556
2020-10-20,-0.0009147802096556895
2020-10-21,-0.0024075678622361187
2020-10-22,0.0009326181900941564
2020-10-23,0.00036642435839405463
2020-10-26,0.002151953410760594
2020-10-27,-0.0009372359613560851
2020-10-28,0.0019139715575579447
2020-10-29,-0.0019088752331491605
2020-10-30,-0.0017273370255925114
2020-11-02,-0.00035949124472799306
2020-11-03,0.002643060933056083
2020-11-04,-0.0007797127053554287
2020-11-05,0.0007236191917117663
2020-11-06,-0.00020284362055357063
2020-11-09,0.00050205311749104
2020-11-10,-0.00013113693259136742
2020-11-11,0.0015452581322588175
2020-11-12,0.0008562665717522493
2020-11-13,-0.0013053586149624694
2020-11-16,0.0024758284723643605
2020-11-17,0.0028957423840535413
2020-11-18,0.002726161613411461
2020-11-19,0.0018003707581613834
2020-11-20,0.0004948523279267383
2020-11-23,0.00386405800457421
2020-11-24,0.004826667738257167
2020-11-25,0.0013707649359279853
2020-11-26,-0.0002921714202011065
2020-11-27,-0.00015353892025884303
2020-11-30,-0.0005428434970491877
2020-12-01,1.3920630813932938e-05
2020-12-02,-0.0009516317930968082
2020-12-03,0.006116264203820142
2020-12-04,0.0017261496880045541
2020-12-07,0.001682894505554843
2020-12-08,0.0019670580020615196
2020-12-09,-0.0049885599122467105
2020-12-10,0.0043779178999853825
2020-12-11,-0.0030472405938827126
2020-12-14,0.002415836217157658
2020-12-15,0.0009184785199644139
2020-12-16,-0.0008817650517645853
2020-12-17,0.0012658064883822786
2020-12-18,0.003834393910491667
2020-12-21,-0.0002650419874541052
2020-12-22,0.0033272954389689424
2020-12-23,0.0009829160321260678
2020-12-24,-0.000779117789382968
2020-12-25,-7.741179509630595e-05
2020-12-28,-0.003916273956193634
2020-12-29,-0.001737283731812645
2020-12-30,0.0021877018031531957
2020-12-31,0.00013583482706118694
2021-01-01,2.8738361656861537e-05
2021-01-04,-0.000958614950144111
2021-01-05,0.004920204500139294
2021-01-06,0.0015229446599261398
2021-01-07,0.005522551086547325
2021-01-08,0.0024508289797138833
2021-01-11,0.001188377459111426
2021-01-12,0.004191737086100337
2021-01-13,-0.0013518567505246587
2021-01-14,0.0009875152848642511
2021-01-15,-0.002071332842673421
2021-01-18,-0.0004546017918640596
2021-01-19,0.002172631215327788
2021-01-20,-0.001438823685284708
2021-01-21,-0.0015001443658065345
2021-01-22,0.001530046431593061
2021-01-25,-0.0004300675750912937
2021-01-26,-0.0018719699273882508
2021-01-27,-0.00098356603320323
2021-01-28,-0.003286486981285007
2021-01-29,0.0003057496390246675
2021-02-01,3.100492260043122e-05
2021-02-02,7.14057480901923e-05
2021-02-03,-0.0005640519695881814
2021-02-04,-0.00025455769067965137
2021-02-05,0.0007019300118703093
2021-02-08,0.0009727208969896222
2021-02-09,-0.0009912174033071825
2021-02-10,0.0002415552439692328
2021-02-11,-0.0011599898871914602
2021-02-12,0.0014128671669776096
2021-02-15,0.0008640523062625463
2021-02-16,6.752298941045058e-05
2021-02-17,0.0007408425432747171
2021-02-18,-0.0020394188969759747
2021-02-19,0.0029988035477252328
2021-02-22,-0.003778735629580896
2021-02-23,-0.000948186120848533
2021-02-24,0.0004109052143843935
2021-02-25,-0.0027800861306512305
2021-02-26,0.00030187217471768987
2021-03-01,0.0013993945558148785
2021-03-02,-0.0013090024699328618
2021-03-03,-0.0022760042335832724
2021-03-04,-0.0019944805107773612
2021-03-05,-0.0036521030335008326
2021-03-08,-0.002089756030058525
2021-03-09,0.006212810057674371
2021-03-10,-0.0011230322601083744
2021-03-11,0.002699581038483898
2021-03-12,0.00023955126932378307
2021-03-15,0.0019619087104085393
2021-03-16,-0.002880567660620016
2021-03-17,0.004925643012268039
2021-03-18,-0.006372396078930299
2021-03-19,0.0009132972509716115
2021-03-22,-0.0006269965620200411
2021-03-23,-0.004141023557548881
2021-03-24,-0.003369129034928057
2021-03-25,-0.0007072267224259223
2021-03-26,-0.0017543777283837124
2021-03-29,-0.0021133265217609795
2021-03-30,0.0017403216691516776
2021-03-31,0.003158129978789684
2021-04-01,0.0010689816454762732
2021-04-02,0.00034239149664573246
2021-04-05,5.441783014394769e-05
2021-04-06,0.0007383033610005934
2021-04-07,-0.00033515696858770275
2021-04-08,0.0003909112761031879
2021-04-09,-0.0016727544709785828
2021-04-12,-0.0007725332696004008
2021-04-13,0.005393800225498671
2021-04-14,-0.000919496271460111
2021-04-15,0.001934856100592833
2021-04-16,-0.00020186848121683332
2021-04-19,-0.0010570398999157384
2021-04-20,-0.001231396574568222
2021-04-21,0.00016469949599007012
2021-04-22,-0.0016833075312122558
2021-04-23,0.0009613774534051461
2021-04-26,0.004279011008173689
2021-04-27,-0.0022497018002910476
2021-04-28,-0.0011156303872273262
2021-04-29,-0.0025243599503827993
2021-04-30,0.0010978326919038363
2021-05-03,-0.0014119236312205817
2021-05-04,-0.0009999365696690202
2021-05-05,-0.0006668866443186551
2021-05-06,-0.002121850880620375
2021-05-07,0.0010130793721678044
2021-05-10,-0.002467496466756893
2021-05-11,0.0008833640609130881
2021-05-12,-0.00028699200139721895
2021-05-13,-0.004194651092114341
2021-05-14,0.0009819303421155327
2021-05-17,0.000794346827981283
2021-05-18,0.0018656108923643128
2021-05-19,-0.0006474185152407184
2021-05-20,0.000800746559243809
2021-05-21,-8.933720279522819e-05
2021-05-24,-0.0003405996370868872
2021-05-25,-0.00030582453217505603
2021-05-26,0.0019159067372881897
2021-05-27,0.0022210544331091008
2021-05-28,-2.5077592975385025e-05
2021-05-31,0.0007746857733528299
2021-06-01,0.0017290862378065834
2021-06-02,-0.0009890188083709925
2021-06-03,-0.0012781827964637215
2021-06-04,-0.0012047441772755907
2021-06-07,0.0020964174981617455
2021-06-08,-0.0001579225811589105
2021-06-09,-0.0013250568979179182
2021-06-10,0.0017441663434406788
2021-06-11,0.0002820624659398206
2021-06-14,-0.0003351240627212015
2021-06-15,-0.0018556395063638147
2021-06-16,0.0016955583056537894
2021-06-17,0.001011642364161419
2021-06-18,0.0012345728001345226
2021-06-21,-0.0030446361652752083
2021-06-22,0.0028215671189640986
2021-06-23,0.002475166060381685
2021-06-24,0.0026736550023830612
2021-06-25,-0.00027270417990647397
2021-06-28,-0.00010663580634087243
2021-06-29,-0.0003144687763443557
2021-06-30,0.002240687479065239
2021-07-01,-0.00014865649880967937
2021-07-02,-0.0008398309994348593
2021-07-05,0.0006741071691554444
2021-07-06,-0.0005467839251303671
2021-07-07,-0.0022072066726370465
2021-07-08,-0.0007915129897891268
2021-07-09,-7.33907325784107e-05
2021-07-12,-0.0006571474363185935
2021-07-13,-0.0016978547062182802
2021-07-14,-0.003013657268124097
2021-07-15,-0.00048393887949852495
2021-07-16,-0.001342244528625594
2021-07-19,0.0005526710540683273
2021-07-20,0.00017219840690719732
2021-07-21,0.0002009414397158224
2021-07-22,0.0009474632680551822
2021-07-23,-0.0010601569027783656
2021-07-26,0.000475960586202888
2021-07-27,-7.858681990393843e-05
2021-07-28,0.0021768086620822017
2021-07-29,0.0018729527985604545
2021-07-30,-0.0014050932492453028
2021-08-02,0.001895344129095635
2021-08-03,0.001361583530381856
2021-08-04,0.0020984782229322525
2021-08-05,8.261348690618772e-06
2021-08-06,-0.0002544548648446667
2021-08-09,-0.00023742824325241922
2021-08-10,0.00012231744520390547
2021-08-11,-0.003345704866474065
2021-08-12,-0.0001656628225618793
2021-08-13,-0.0007189837178693808
2021-08-16,-0.0043141968435748
2021-08-17,0.00039808502911469444
2021-08-18,0.0012063856632881101
2021-08-19,-0.0009850471658448513
2021-08-20,0.0010766977819967206
2021-08-23,0.0031763813385710313
2021-08-24,0.003685353424513606
2021-08-25,0.0006017408586278875
2021-08-26,3.3070560171885935e-05
2021-08-27,0.0015507529999160136
2021-08-30,0.0011169140404539354
2021-08-31,0.00018546865125827652
2021-09-01,-0.0015652108070006213
2021-09-02,7.063428510186982e-05
2021-09-03,0.0011897016731808466
2021-09-06,-0.0004689058515753388
2021-09-07,-0.0006464289784129168
2021-09-08,-0.00153609046550051
2021-09-09,-0.001060077343209738
2021-09-10,1.1623053171891905e-05
2021-09-13,-0.00022230559111375246
2021-09-14,0.0003762526472289116
2021-09-15,0.0021206865774060094
2021-09-16,-0.0007478852046814671
2021-09-17,0.0011610368960219709
2021-09-20,-0.0016603510672469728
2021-09-21,0.00026515369484577745
2021-09-22,0.0023908796309110164
2021-09-23,-0.0009643536255240538
2021-09-24,0.0007958092336927785
2021-09-27,0.0028216530806885387
2021-09-28,-0.0017982074424898187
2021-09-29,-0.0015269678881688349
2021-09-30,0.003537053795521115
2021-10-01,-0.004061046162383942
2021-10-04,-0.0004968626740953844
2021-10-05,-0.000698988040700536
2021-10-06,-0.0010149467438326895
2021-10-07,0.0011611765412630013
2021-10-08,7.667256808344949e-05
2021-10-11,0.0020821045900014205
2021-10-12,0.0011739864430871721
2021-10-13,0.003240628438443617
2021-10-14,0.00024471983676855463
2021-10-15,0.0014430739091619536
2021-10-18,0.0019915181529326443
2021-10-19,-0.0009809529880756684
2021-10-20,-0.0008898566134950243
2021-10-21,0.0017232216288681794
2021-10-22,-0.001861540124311642
2021-10-25,0.006024654550815102
2021-10-26,0.0013886370858090381
2021-10-27,0.00036596524840429474
2021-10-28,0.0038480116981874472
2021-10-29,-1.326208138152261e-05
2021-11-01,0.004795674798464405
2021-11-02,-0.0027977083717086416
2021-11-03,0.0010462642345328583
2021-11-04,-0.0009814584257544189
2021-11-05,-0.002864927998080097
2021-11-08,0.006442403485800611
2021-11-09,-0.0008518465014358163
2021-11-10,-0.002682602327318531
2021-11-11,0.003322172098602201
2021-11-12,0.0010312488263309605
2021-11-15,0.0006479491392851415
2021-11-16,0.0023319440900185923
2021-11-17,0.0005061516677419937
2021-11-18,0.00022319371432208412
2021-11-19,0.0006636452807456566
2021-11-22,2.64374536585385e-05
2021-11-23,-0.0017815867803279391
2021-11-24,0.0021922396179756536
2021-11-25,-0.00041556539226206485
2021-11-26,-0.0006949903957076814
2021-11-29,0.0018631945478670628
2021-11-30,0.00045838169637230433
2021-12-01,-0.0048660785514037285
2021-12-02,0.000631712617928909
2021-12-03,-0.005565822848206087
2021-12-06,-0.0026069863145214613
2021-12-07,0.0027546369124167927
2021-12-08,0.0017382121402053732
2021-12-09,-0.003356032852273712
2021-12-10,-0.0023366079707027865
2021-12-13,-0.003910021015602665
2021-12-14,0.0011433571905783545
2021-12-15,-0.00024584155216029677
2021-12-16,-0.004687619554140687
2021-12-17,0.002178183461914769
2021-12-20,-0.0020575695162740153
2021-12-21,0.004517323113842401
2021-12-22,0.0009406916766858918
2021-12-23,0.002768537511358974
2021-12-24,0.0002317931882708415
2021-12-27,0.00014211056450146552
2021-12-28,-0.0007477188178211197
2021-12-29,-0.001054101974930372
2021-12-30,0.000703273870921044
2021-12-31,-0.0016412643751499943
2022-01-03,0.004072416937417745
2022-01-04,-0.0031703671624173416
2022-01-05,-0.004586856650751991
2022-01-06,8.46192075526029e-05
2022-01-07,0.0005003774150114729
2022-01-10,0.003696757703576195
2022-01-11,0.0029165533946885185
2022-01-12,0.0006108046147040424
2022-01-13,-0.0035453735435016353
2022-01-14,0.0007183569710233482
2022-01-17,-0.0004948280449823389
2022-01-18,4.7076526218426534e-05
2022-01-19,-0.0006627210454329003
2022-01-20,-0.0013815579593729425
2022-01-21,-0.005609278307659275
2022-01-24,0.0012251083694009193
2022-01-25,-0.0028232005331517984
2022-01-26,-0.000196888749836391
2022-01-27,-0.0057040828281207856
2022-01-28,-8.548423559597701e-05
2022-01-31,0.006438781365783863
2022-02-01,0.0022280695463424323
2022-02-02,-0.0025548576538080405
2022-02-03,-0.0021788582651059603
2022-02-04,0.007203035784898054
2022-02-07,0.000506411488565759
2022-02-08,0.0003372790872161694
2022-02-09,0.001734243979835095
2022-02-10,0.0031471342356398126
2022-02-11,-0.0005622750360245315
2022-02-14,0.00015705922958288675
2022-02-15,0.0005595883235121751
2022-02-16,-0.0002837357346052911
2022-02-17,-0.0019489962262214874
2022-02-18,-0.0022518232895206974
2022-02-21,0.0006120677198729757
2022-02-22,-0.0019939444860235783
2022-02-23,-0.0017976198606164118
2022-02-24,0.004785606814522152
2022-02-25,-0.0017330437272548363
2022-02-28,0.0051323930757804954
2022-03-01,-0.0013514225792328818
2022-03-02,0.0011011735551286032
2022-03-03,-0.004671680411563553
2022-03-04,-0.0013595770073894578
2022-03-07,-0.0026198599085670814
2022-03-08,0.002740720707101447
2022-03-09,-0.000502003855805927
2022-03-10,0.001959476047631828
2022-03-11,-0.0027703554974784616
2022-03-14,-0.006033178185793976
2022-03-15,-0.0002319969456016889
2022-03-16,0.003635471677778862
2022-03-17,0.003700761236620217
2022-03-18,0.0021107986590235134
2022-03-21,4.0951224686810615e-05
2022-03-22,0.0032320934130775844
2022-03-23,0.0027255277672752817
2022-03-24,0.0011325215037847544
2022-03-25,-0.0005962353001463631
2022-03-28,0.0003655829218223855
2022-03-29,0.0014295615651236382
2022-03-30,0.00024779727730604977
2022-03-31,-0.0010430092050463663
2022-04-01,-0.0007043640446622453
2022-04-04,0.002976669495861872
2022-04-05,-0.00374171067873842
2022-04-06,-0.004348092639320643
2022-04-07,-0.000945734893769212
2022-04-08,-0.002070339525032487
2022-04-11,-0.001939262942268337
2022-04-12,0.0008652301090282099
2022-04-13,0.0038234140912721225
2022-04-14,-0.0017443012265892857
2022-04-15,-0.0005406890295090159
2022-04-18,0.00010500858646515093
2022-04-19,0.0025829879909555833
2022-04-20,-0.005219136531801391
2022-04-21,-0.0022371462319697513
2022-04-22,0.0005670959135393241
2022-04-25,-0.0013481983811460593
2022-04-26,-0.0022378752193869048
2022-04-27,-0.0020228395433479025
2022-04-28,0.0001376682670619113
2022-04-29,0.0012461974213170829
2022-05-02,0.0016293140477968773
2022-05-03,0.0003726552730322339
2022-05-04,-5.2078483303890505e-05
2022-05-05,-0.0032695847878411594
2022-05-06,-0.0014522392695358686
2022-05-09,-0.006726217465602452
2022-05-10,0.001782674894063055
2022-05-11,-0.003234040208417416
2022-05-12,-0.0003021668382771703
2022-05-13,0.005735791652991068
2022-05-16,-0.0034934433369674866
2022-05-17,0.002600583689251021
2022-05-18,-0.0006859316988409164
2022-05-19,0.0024927363667789047
2022-05-20,-0.004138850172481798
2022-05-23,-0.0010011990446724059
2022-05-24,-0.006004850415330977
2022-05-25,0.003366684980770241
2022-05-26,0.0012838881070073582
2022-05-27,0.0036020465532539438
2022-05-30,0.0005328537594986335
2022-05-31,0.00015532002610228052
2022-06-01,0.0009384457847514205
2022-06-02,0.003578558422522575
2022-06-03,-0.0023386304861477657
2022-06-06,0.001850661737978999
2022-06-07,0.0008967266727677933
2022-06-08,0.0015551005407457236
2022-06-09,0.0003568620903288064
2022-06-10,-0.0015099057774904875
2022-06-13,-0.005406106552482512
2022-06-14,0.002083107214738719
2022-06-15,0.0007760858132669808
2022-06-16,-0.004364935920551365
2022-06-17,-0.000979438182249426
2022-06-20,-0.0007877257671130833
2022-06-21,0.0023991315350586143
2022-06-22,-0.002249536031904041
2022-06-23,-0.0008585592004568647
2022-06-24,0.0009604818027362169
2022-06-27,0.0018747658821722719
2022-06-28,-0.0009435194038231315
2022-06-29,-0.002886398702579848
2022-06-30,-0.0031180449416587652
2022-07-01,-4.328271596620338e-05
2022-07-04,0.0003777777740334564
2022-07-05,0.0031301432456485624
2022-07-06,-0.0025504396773623427
2022-07-07,0.004296416900275272
2022-07-08,0.0008480221289646824
2022-07-11,-0.004079926436883095
2022-07-12,-0.0004863400477922164
2022-07-13,0.001546750601294341
2022-07-14,-0.00015423768573377857
2022-07-15,-0.0006663369367122668
2022-07-18,0.0031706449984112922
2022-07-19,-0.0003390541621085402
2022-07-20,0.003950794716995223
2022-07-21,0.0016231305929706816
2022-07-22,-0.001163579505333693
2022-07-25,-0.000700624747356499
2022-07-26,-0.0018724973093484556
2022-07-27,0.002762127225916476
2022-07-28,0.00027876075980385814
2022-07-29,0.0034572918364148275
2022-08-01,0.00117181795748035
2022-08-02,0.005041336729081846
2022-08-03,-0.00020284212549557742
2022-08-04,0.0013300724183946907
2022-08-05,-0.0015066215465294758
2022-08-08,0.0001375630753804218
2022-08-09,-0.001547643726932702
2022-08-10,0.0018553850635120092
2022-08-11,-0.0008648886826498809
2022-08-12,0.0017189247782598317
2022-08-15,0.000108311268320011
2022-08-16,-0.0003204447683363543
2022-08-17,0.00010139610388733029
2022-08-18,-0.0005226016944131051
2022-08-19,-0.00038757776357562466
2022-08-22,0.0002475271802954912
2022-08-23,0.0025914602789420173
2022-08-24,0.00039978784428197113
2022-08-25,0.0007343954219908334
2022-08-26,0.0014964141081112957
2022-08-29,-0.0016428840883208548
2022-08-30,-0.000538821279856834
2022-08-31,-0.00016186100595769973
2022-09-01,-0.004460062732228028
2022-09-02,0.0008111361862795877
2022-09-05,-0.00031602049941462736
2022-09-06,0.00010685628688998031
2022-09-07,-0.0007518790376465426
2022-09-08,0.0014504170571575823
2022-09-09,0.0017317766571304863
2022-09-12,0.0002164613710629107
2022-09-13,0.002196206202865633
2022-09-14,0.001223108847933958
2022-09-15,0.0005962164138381583
2022-09-16,-0.0013642164665232442
2022-09-19,0.00011965613253648276
2022-09-20,0.0013789383668802967
2022-09-21,-0.00033291773212167086
2022-09-22,-0.002094376316018611
2022-09-23,-0.0034203686554298424
2022-09-26,-0.001708128329101638
2022-09-27,0.004420370112179035
2022-09-28,0.0018522179886896716
2022-09-29,-0.00254401772637447
2022-09-30,0.0016099665593024524
2022-10-03,-0.0030935383372053434
2022-10-04,0.00034644195478814033
2022-10-05,0.0003897492776654683
2022-10-06,0.002611311974116135
2022-10-07,-0.0019734059472258647
2022-10-10,-0.0004668683283886414
2022-10-11,-0.004429549299535415
2022-10-12,0.0002824926324912708
2022-10-13,-0.0019218809515714266
2022-10-14,-0.002258575415615742
2022-10-17,-0.0005616645789124977
2022-10-18,0.0006223667091660584
2022-10-19,0.0006977976289666166
2022-10-20,-0.002232380534156971
2022-10-21,0.0007237855215848077
2022-10-24,-0.001993094752926477
2022-10-25,0.0022619650377813105
2022-10-26,0.0004660372417969842
2022-10-27,0.0003352757376285237
2022-10-28,-0.0034316165114671483
2022-10-31,0.0005942554857279909
2022-11-01,0.0028592730538238094
2022-11-02,-0.0012580153440617456
2022-11-03,0.0032644470373193596
2022-11-04,-0.007012764157573612
2022-11-07,-0.0023392047035601903
2022-11-08,9.936839583327053e-05
2022-11-09,8.289679663377181e-05
2022-11-10,-0.0012442137290003402
2022-11-11,0.007337550217362137
2022-11-14,-0.0010219339263192306
2022-11-15,0.0024819081092271045
2022-11-16,-0.0005355620757514076
2022-11-17,-0.0035671772793144985
2022-11-18,-0.000955455155256258
2022-11-21,-0.003271485495509239
2022-11-22,-0.0007578344868948879
2022-11-23,0.0023430803440052436
2022-11-24,0.0034287159692654823
2022-11-25,-0.0018027196721842377
2022-11-28,0.0003378323000659579
2022-11-29,-0.00024392945066783762
2022-11-30,-0.0028012461142496656
2022-12-01,0.0033465801918684235
2022-12-02,0.00024974176752234163
2022-12-05,-0.0035961775330521813
2022-12-06,-0.00012222492253473674
2022-12-07,-0.0012152815531182048
2022-12-08,-0.0014806635393460324
2022-12-09,0.0035947728720219082
2022-12-12,-0.0034223797521614665
2022-12-13,-0.0010781685963733474
2022-12-14,0.0010930356055745489
2022-12-15,0.0007451535816831931
2022-12-16,-0.0021490755458087596
2022-12-19,-0.0010552246827584578
2022-12-20,-0.0007521257943755443
2022-12-21,-0.0029915837676258647
2022-12-22,-0.0014871759248103744
2022-12-23,-0.0030118522754494334
2022-12-26,0.0006362571232665787
2022-12-27,-0.0032237741103967963
2022-12-28,0.0003274673411839558
2022-12-29,0.00031432199818589093
2022-12-30,0.0017656595546104471
2023-01-02,4.392161717608318e-05
2023-01-03,-0.004051628632827518
2023-01-04,-0.001045002135393605
2023-01-05,0.0015078302819275524
2023-01-06,-0.0008195011881810578
2023-01-09,0.0028682652872068634
2023-01-10,0.0007558235531973795
2023-01-11,0.0020373225818144085
2023-01-12,0.0030633919900801406
2023-01-13,0.0025868527386428003
2023-01-16,-0.000576311258921675
2023-01-17,0.004437825164022297
2023-01-18,0.002338695392775208
2023-01-19,0.000628657513735649
2023-01-20,0.00014365644638392877
2023-01-23,0.0026735297490557957
2023-01-24,0.0018644861558659172
2023-01-25,0.00014785164506505406
2023-01-26,0.003845714449565295
2023-01-27,0.0030370385963700702
2023-01-30,-0.0028718317810083813
2023-01-31,-0.0010919356208723384
2023-02-01,0.0021673822509482403
2023-02-02,0.0030317419042732094
2023-02-03,-0.001342426718300269
2023-02-06,-0.0010267958889836337
2023-02-07,0.0023053051316749146
2023-02-08,0.0033785966339659546
2023-02-09,0.00031823232501012894
2023-02-10,-0.0007856765465187006
2023-02-13,-0.002955666820046325
2023-02-14,0.004117022579282927
2023-02-15,0.0016458580723623236
2023-02-16,-0.0006212101045749187
2023-02-17,-0.0024283694624091003
2023-02-20,-0.00012059534515548824
2023-02-21,0.0002343988825026476
2023-02-22,0.0014899996163148924
2023-02-23,0.0009895516435116294
2023-02-24,0.0020879101052000623
2023-02-27,0.0007098803958375715
2023-02-28,0.00018940077405240566
2023-03-01,0.0027641140374416685
2023-03-02,-0.0045162902356223064
2023-03-03,0.00048050557532081095
2023-03-06,-0.0010081204227064826
2023-03-07,-0.0003776170536676834
2023-03-08,-0.0011009306567971093
2023-03-09,0.001285536042973703
2023-03-10,-0.001055844391223611
2023-03-13,0.0004944669926241368
2023-03-14,-0.0015463836886890382
2023-03-15,0.0017984183045467424
2023-03-16,0.0007306462872112909
2023-03-17,0.002619377867569034
2023-03-20,-0.0016628216828638766
2023-03-21,0.0027080770911678993
2023-03-22,0.0007977011482822177
2023-03-23,0.00025275527389269706
2023-03-24,-0.0004926077992783031
2023-03-27,-0.0007909504430242308
2023-03-28,0.0006081849302091882
2023-03-29,-0.0007464510856873205
2023-03-30,0.000336572641417154
2023-03-31,0.003018432334084775
2023-04-03,-0.0044046625545499304
2023-04-04,-0.004432453590889084
2023-04-05,-0.0021028268107519763
2023-04-06,-0.003323661111806435
2023-04-07,0.0004403841108307578
2023-04-10,0.00022622356557030197
2023-04-11,0.0004270346444612979
2023-04-12,-0.00030533882355922434
2023-04-13,-0.00019774099049880978
2023-04-14,-0.001081362009721048
2023-04-17,0.0002845658804440125
2023-04-18,-0.0019487402496075274
2023-04-19,-0.0007444945430827769
2023-04-20,-0.0018745776646594626
2023-04-21,0.0012597053323798145
2023-04-24,-0.0005422572740415741
2023-04-25,-0.0006751117302772423
2023-04-26,0.0021484609221615303
2023-04-27,-0.0018507540267972203
2023-04-28,-0.0008304227374905122
2023-05-01,-0.0005556296113207108
2023-05-02,0.0030228348439287206
2023-05-03,0.0005077366729564973
2023-05-04,0.0008456506571839478
2023-05-05,0.0016518688547037114
2023-05-08,0.001613370874926811
2023-05-09,0.0026718038380419825
2023-05-10,-0.001029790939458597
2023-05-11,0.0015744938411745217
2023-05-12,-0.00023662799200600522
2023-05-15,0.0005537888739431834
2023-05-16,0.0016453642263216865
2023-05-17,0.0025100087467232173
2023-05-18,0.004639194024679284
2023-05-19,-0.0023901177048170057
2023-05-22,0.006236669007811345
2023-05-23,-1.694051574174099e-05
2023-05-24,0.0007873495691838213
2023-05-25,0.010159046805209196
2023-05-26,0.0037959774794600054
2023-05-29,0.0024936206369695897
2023-05-30,0.003639152872016331
2023-05-31,-0.0007112498900096074
2023-06-01,0.0013806392851333713
2023-06-02,-0.0008605876755550992
2023-06-05,0.0027568745280944617
2023-06-06,-0.00046127094208723435
2023-06-07,-0.0010766257850380306
2023-06-08,-6.785106606304811e-05
2023-06-09,0.0018198767357551302
2023-06-12,0.00013017554337242492
2023-06-13,0.0045421481817826004
2023-06-14,-0.0016938506580973741
2023-06-15,0.0006595121224160366
2023-06-16,0.0007036460694101608
2023-06-19,-0.0014047045819265821
2023-06-20,0.0034813971290794153
2023-06-21,-0.00038620349454225253
2023-06-22,-0.0036089584154251507
2023-06-23,0.0002450822583034921
2023-06-26,0.0004647615333909774
2023-06-27,-0.0012391893019740308
2023-06-28,0.0007063084994128028
2023-06-29,0.0011133696996430747
2023-06-30,0.0006511272988723987
2023-07-03,0.0035773212017706875
2023-07-04,0.0006228865042064418
2023-07-05,-0.0008052775331436283
2023-07-06,-0.0010973979171768535
2023-07-07,0.0023146651774504485
2023-07-10,0.0009326865373206802
2023-07-11,0.0033558993485964276
2023-07-12,-0.0013160945838334645
2023-07-13,0.0026571373043554544
2023-07-14,0.0029228790037956935
2023-07-17,0.001047382469331694
2023-07-18,0.0018736125358643826
2023-07-19,0.00011692201907678924
2023-07-20,-0.006147452947626062
2023-07-21,-0.0038684697735176824
2023-07-24,0.001334194287956775
2023-07-25,0.0014243197927098997
2023-07-26,-0.0012842142818909467
2023-07-27,-0.0011181269595709471
2023-07-28,-0.00029978877543721666
2023-07-31,0.0010499776892962077
2023-08-01,0.0024128545492887272
2023-08-02,0.009753164712069872
2023-08-03,-0.0003799082000098793
2023-08-04,0.003186995543895241
2023-08-07,-0.0019364439058754315
2023-08-08,-0.003374737837706617
2023-08-09,0.00011111347788539828
2023-08-10,-0.0018717606975944313
2023-08-11,-0.00016870422162050362
2023-08-14,-0.00041949634995310653
2023-08-15,0.0015339973310114514
2023-08-16,0.0013975521279708863
2023-08-17,-0.0012473390022766546
2023-08-18,0.0030359606708197226
2023-08-21,0.0007665732497007371
2023-08-22,0.0020388322503358306
2023-08-23,0.00011782852248333822
2023-08-24,0.0007515502343912184
2023-08-25,-0.0016134989191839621
2023-08-28,0.0010909224560231752
2023-08-29,-0.00010940617468527952
2023-08-30,0.0014141223101327887
2023-08-31,0.0019534121255466654
2023-09-01,0.00042770142968218193
2023-09-04,-0.00019221928461808337
2023-09-05,0.00021962285844313737
2023-09-06,0.0015429717060513543
2023-09-07,0.0010167104251100547
2023-09-08,-0.0012604017458232386
2023-09-11,-0.000750304065356441
2023-09-12,-0.0014352893146333595
2023-09-13,-0.001445835955315629
2023-09-14,0.0019667409305171198
2023-09-15,-0.0004435771897186979
2023-09-18,-0.000674172948847696
2023-09-19,-0.0014933487928560358
2023-09-20,-8.688431456018927e-05
2023-09-21,-0.0005597429000846824
2023-09-22,0.000996644993641862
2023-09-25,0.001720993208746779
2023-09-26,-0.0006374442380096632
2023-09-27,0.0018738459446601572
2023-09-28,0.0013661003133663687
2023-09-29,0.0020274217872961317
2023-10-02,0.0029711060017761377
2023-10-03,-0.002284492843490067
2023-10-04,0.0009092222938912858
2023-10-05,0.001699142518492859
2023-10-06,0.0014390766928083706
2023-10-09,-4.870985330178478e-05
2023-10-10,0.0013857453273266353
2023-10-11,0.0027885595161192423
2023-10-12,0.0013764942646220532
2023-10-13,-0.00034826290097646033
2023-10-16,0.0007434533729720697
2023-10-17,0.0008042370060115738
2023-10-18,-0.0027566811932112183
2023-10-19,-0.003253752345074981
2023-10-20,-0.0014854748523467284
2023-10-23,0.0015174326007346222
2023-10-24,0.003003059837304584
2023-10-25,-0.0019025164999696056
2023-10-26,-0.004666536842908331
2023-10-27,0.004109836976676396
2023-10-30,0.000453467039987443
2023-10-31,0.00020958881294851073
2023-11-01,-0.0009849491756267741
2023-11-02,0.0004817888762820924
2023-11-03,-0.0017326893348919934
2023-11-06,0.00027030164228870543
2023-11-07,0.0042693281590260364
2023-11-08,0.0005709658484978233
2023-11-09,5.0647064340978744e-05
2023-11-10,0.0012378418810118468
2023-11-13,0.0021906892924456658
2023-11-14,0.0022220219814623327
2023-11-15,0.0013183279623036359
2023-11-16,-0.00171275672150433
2023-11-17,0.0003026062952743479
2023-11-20,0.0015152075470784027
2023-11-21,-0.0004927645583277739
2023-11-22,-0.0011740575660323608
2023-11-23,6.121798468511157e-05
2023-11-24,-0.0006733725822990328
2023-11-27,0.001395939410269459
2023-11-28,0.0013395540632443249
2023-11-29,0.0016251971341155619
2023-11-30,0.0006303601055500944
2023-12-01,0.0014176876510553112
2023-12-04,0.0006692242763026574
2023-12-05,-0.0017663056790931872
2023-12-06,-0.0003682692810110253
2023-12-07,-0.00010868402001127687
2023-12-08,0.00180582277282127
2023-12-11,0.0013724154953685518
2023-12-12,0.0026086439478891906
2023-12-13,8.007920165751733e-05
2023-12-14,0.00048337224524450453
2023-12-15,0.0006412106562558536
2023-12-18,-0.001090036641704992
2023-12-19,0.0028187057456394004
2023-12-20,-0.0009388267887760031
2023-12-21,0.001017452224339863
2023-12-22,-0.00019003730000939395
2023-12-25,0.00015481323146413083
2023-12-26,0.000617691531562636
2023-12-27,-0.0002647800990139204
2023-12-28,-0.0005838053057642029
2023-12-29,-0.0016684227386178814
2024-01-01,2.9470934809668883e-06
2024-01-02,-0.0030460096178536594
2024-01-03,-0.0007064117023009428
2024-01-04,4.37184563393052e-05
2024-01-05,0.0006487773542324224
2024-01-08,0.004306479610681202
2024-01-09,0.001737604176887831
2024-01-10,-4.803782071728137e-05
2024-01-11,0.002558382323344255
2024-01-12,-0.000296094711543004
2024-01-15,0.0005320984100581504
2024-01-16,0.00033019218535447915
2024-01-17,-5.436157294907897e-05
2024-01-18,0.001543909836581002
2024-01-19,0.002018431493533923
2024-01-22,0.0014403526969587657
2024-01-23,-0.0003837864563918593
2024-01-24,0.00027178454127692753
2024-01-25,-0.0017233573471558418
2024-01-26,-0.000166027535415416
2024-01-29,0.0024743289956600436
2024-01-30,0.0010482620260831258
2024-01-31,-0.0012749701212584064
2024-02-01,0.0020546117170522817
2024-02-02,0.0036563336382815816
2024-02-05,-0.0009226810330486097
2024-02-06,7.291914975387798e-05
2024-02-07,0.0029353181878516658
2024-02-08,-0.00017692422806553322
2024-02-09,0.0029575228186229496
2024-02-12,-0.0009500156192157206
2024-02-13,0.000865603103041861
2024-02-14,0.0038687033665731115
2024-02-15,-0.00210688505018599
2024-02-16,0.0006663832565679604
2024-02-19,0.00012099263926162833
2024-02-20,-0.0028342034764919123
2024-02-21,-0.0055106616954281665
2024-02-22,0.005799411885176877
2024-02-23,-0.0004954645562666934
2024-02-26,0.0028661553146182048
2024-02-27,0.0020101326393746196
2024-02-28,-0.00038585710786444424
2024-02-29,0.0011670021039067498
2024-03-01,0.001076546306749195
2024-03-04,0.0010896012627538629
2024-03-05,-0.0027859033796596953
2024-03-06,0.0015146769068398224
2024-03-07,-0.00015837584322538935
2024-03-08,-0.0016415598646992956
2024-03-11,-0.0012776319237947824
2024-03-12,0.004675735082792329
2024-03-13,0.0008009134970639554
2024-03-14,-0.0009936151578496524
2024-03-15,-0.00023815758991965578
2024-03-18,0.004051905985087171
2024-03-19,-0.00019071932309206244
2024-03-20,0.0006851083105112558
2024-03-21,0.0028222493483853637
2024-03-22,-0.0005774244644335749
2024-03-25,0.0012470085756780855
2024-03-26,0.0003084322568336186
2024-03-27,-0.001990063614337979
2024-03-28,0.0004745043263484018
2024-03-29,0.0007638270272050459
2024-04-01,-0.0021016786508977533
2024-04-02,0.0011113841739829738
2024-04-03,0.002636892194160358
2024-04-04,-0.002014963603632687
2024-04-05,0.0014099950284417809
2024-04-08,2.0576948382109838e-05
2024-04-09,-0.0003565231790209995
2024-04-10,0.0006171880906855852
2024-04-11,0.0023153159943922787
2024-04-12,-0.0005664985189042081
2024-04-15,-0.003388361992930843
2024-04-16,0.00048017490461391057
2024-04-17,-0.0007243398485057622
2024-04-18,0.00042536876782103654
2024-04-19,-0.00727244155599208
2024-04-22,-0.0012463970364279923
2024-04-23,0.002016187918240899
2024-04-24,0.0040535886810054485
2024-04-25,0.0013392033735305751
2024-04-26,0.002243449375039834
2024-04-29,0.0014107026001276962
2024-04-30,-0.0011638189812505726
2024-05-01,-0.0009130819718914857
2024-05-02,0.003614196279849293
2024-05-03,-0.003275197676210954
2024-05-06,0.0020645232818805696
2024-05-07,0.0005128885604506221
2024-05-08,-0.0016765808346951925
2024-05-09,-0.0005518511355925475
2024-05-10,-0.003089238141609056
2024-05-13,0.0020493897373247416
2024-05-14,0.001206467829851867
2024-05-15,0.002538099802193442
2024-05-16,-0.00028558214537190976
2024-05-17,-0.0002761115778620282
2024-05-20,0.0019252707866761164
2024-05-21,-0.0009759474144790158
2024-05-22,-0.0003864693029358092
2024-05-23,0.003955460875851932
2024-05-24,0.0011368353802920714
2024-05-27,4.645435403370559e-05
2024-05-28,0.00036788590965352447
2024-05-29,0.0009636898737048578
2024-05-30,-0.0022444282768526898
2024-05-31,-0.0039285232890884664
2024-06-03,-0.000433094742066242
2024-06-04,-0.0008029262784745867
2024-06-05,0.00041643752851563444
2024-06-06,0.00041999808560481706
2024-06-07,-0.0010393478674695436
2024-06-10,0.000751483399943366
2024-06-11,0.0007062648535159457
2024-06-12,0.0018554813106565916
2024-06-13,0.0010152310856847606
2024-06-14,0.0020483343574367735
2024-06-17,-0.0018328858881313326
2024-06-18,0.0009630660150891819
2024-06-19,-0.0005449309693824649
2024-06-20,-0.0009476459406347133
2024-06-21,0.000601022436880917
2024-06-24,-0.002025018726964591
2024-06-25,0.0006549123669736118
2024-06-26,0.0006508177510269218
2024-06-27,0.003602101066354728
2024-06-28,-0.0017939433154822437
2024-07-01,1.661245421574753e-05
2024-07-02,0.0010355361677246875
2024-07-03,0.0017824705528457878
2024-07-04,0.0001534018683440146
2024-07-05,0.00025583198590056495
2024-07-08,-0.0005654749907888832
2024-07-09,0.0006411451067245495
2024-07-10,-0.0005989438178721877
2024-07-11,0.001339420555683219
2024-07-12,-0.0026532462853094737
2024-07-15,0.0004215838850631496
2024-07-16,0.0014061280143845979
2024-07-17,-0.005598804512436946
2024-07-18,-0.0027301253275764797
2024-07-19,0.000732525188001436
2024-07-22,-0.00039234343438333125
2024-07-23,0.0008377574511283821
2024-07-24,-0.006506709210412184
2024-07-25,-8.098994602890978e-05
2024-07-26,-0.0016890767042413452
2024-07-29,0.0015415319051793022
2024-07-30,-0.0018854052038222886
2024-07-31,0.004878125550313788
2024-08-01,-0.0017541929565034267
2024-08-02,-0.005880934746094302
2024-08-05,-0.005131002921254152
2024-08-06,0.005887023625654804
2024-08-07,0.003282624834446693
2024-08-08,0.0024909603744443856
2024-08-09,0.0006083883309995729
2024-08-12,-0.00037561443008160555
2024-08-13,0.005031385134293319
2024-08-14,0.00138843998533682
2024-08-15,0.0024305085807255072
2024-08-16,0.0028547794862764982
2024-08-19,-0.001019793045639046
2024-08-20,0.0005215207698728577
2024-08-21,0.0002564732972456683
2024-08-22,-0.0020080842018102285
2024-08-23,0.003692716462299928
2024-08-26,-0.0017660301347155937
2024-08-27,0.00037044189621530683
2024-08-28,-0.0016292322908579501
2024-08-29,0.00010211413994979258
2024-08-30,0.0006239770077791831
2024-09-02,-0.0004897126474137762
2024-09-03,-0.0027467328076969597
2024-09-04,-0.0026400382394895843
2024-09-05,0.0002460888050677362
2024-09-06,-0.0002275556508124256
2024-09-09,0.0006828621633779113
2024-09-10,0.0007369463757239082
2024-09-11,0.0014064390574763906
2024-09-12,0.001126016846633533
2024-09-13,0.000790861976192503
2024-09-16,0.0002457226730599039
2024-09-17,-0.0015140944781374727
2024-09-18,0.0016346613624902595
2024-09-19,0.0012085285809934135
2024-09-20,0.004395256450760081
2024-09-23,0.00047363509967389156
2024-09-24,0.0013336947236962165
2024-09-25,0.0013692560251260758
2024-09-26,0.0019514806561522413
2024-09-27,0.001791981753161052
2024-09-30,-0.003416132206995994
2024-10-01,0.0008222547948674667
2024-10-02,-0.0025910981577660806
2024-10-03,0.0034889878393414555
2024-10-04,0.0009344845375371738
2024-10-07,-0.0010197896233338716
2024-10-08,0.0026384399666484534
2024-10-09,0.0019497060564024147
2024-10-10,0.001894088136260355
2024-10-11,-0.0008818546360959039
2024-10-14,-0.0010828507189222167
2024-10-15,0.0009061764353383451
2024-10-16,-0.002002817580990239
2024-10-17,-0.0004660661893768421
2024-10-18,0.0008130565155688649
2024-10-21,0.0014568894373509743
2024-10-22,-0.00014255359402988292
2024-10-23,-0.003133592160886935
2024-10-24,0.0020447475105505645
2024-10-25,0.002574560796303114
2024-10-28,0.0005622989256600618
2024-10-29,0.001300900396707696
2024-10-30,0.0007294559975213862
2024-10-31,-0.0017706827998425281
2024-11-01,-0.0017835155514501723
2024-11-04,0.00026329440967090643
2024-11-05,0.008525319966010414
2024-11-06,0.0060925138856310485
2024-11-07,0.0025659623126465213
2024-11-08,0.003508977847686924
2024-11-11,0.004518277716865033
2024-11-12,-0.00014967923645773425
2024-11-13,0.000809471846858581
2024-11-14,-0.003903889493288993
2024-11-15,0.004714916802703278
2024-11-18,-0.003967545638152596
2024-11-19,0.005471274964962163
2024-11-20,-0.0008845820855348356
2024-11-21,0.0002529459762416414
2024-11-22,0.0022942071921395364
2024-11-25,-0.0013448478467753308
2024-11-26,4.7630015698013096e-05
2024-11-27,-0.002987641589758734
2024-11-28,-0.00023913905123805815
2024-11-29,0.000295870782275145
2024-12-02,0.0006261870746710248
2024-12-03,0.00560062820286321
2024-12-04,0.0024898320296810224
2024-12-05,0.0012517726988877011
2024-12-06,0.003031544014349589
2024-12-09,-0.0032322881631177422
2024-12-10,-0.0020132126834083606
2024-12-11,0.001457225247763835
2024-12-12,0.0016724832698352156
2024-12-13,0.0007240602464159496
2024-12-16,0.000984174014501374
2024-12-17,-0.0016473872348428736
2024-12-18,-0.001782280233929432
2024-12-19,0.0006761048727678036
2024-12-20,0.003890252044766618
2024-12-23,-0.0013979277279224812
2024-12-24,0.000705014244726021
2024-12-25,2.434032086297543e-05
2024-12-26,-0.0004069336487468526
2024-12-27,-0.001639738308251341
2024-12-30,-0.0007346399507130487
2024-12-31,-0.002131557273793162
2025-01-01,-1.2820504471837763e-05
2025-01-02,-0.0003130100165302679
2025-01-03,0.004368950656122247
2025-01-06,-0.0011591266119069937
2025-01-07,-0.00320485483203109
2025-01-08,0.0005187213976675371
2025-01-09,-0.00028900348852633063
2025-01-10,0.0011056132134532187
2025-01-13,-0.0022825496880427044
2025-01-14,-0.001429884374105964
2025-01-15,0.001158294240653862
2025-01-16,0.0002807649300745772
2025-01-17,0.0008021747817357518
2025-01-20,0.00015158713210348322
2025-01-21,0.001986812743813779
2025-01-22,0.003826095925493978
2025-01-23,0.0008365824296460156
2025-01-24,-0.0012579693420485547
2025-01-27,-0.00841035293965639
2025-01-28,0.002052528355440765
2025-01-29,-0.00039562929161148343
2025-01-30,0.001033954549273161
2025-01-31,0.0013313152334361537
2025-02-03,-0.0010334694341779128
2025-02-04,0.0116220005095621
2025-02-05,-0.0007382421126688439
2025-02-06,0.0057749713184548045
2025-02-07,0.0007351608286943444
2025-02-10,0.002566279498314448
2025-02-11,-0.00404435873800228
2025-02-12,0.0012258332449232253
2025-02-13,-0.002484756969228369
2025-02-14,-0.0005109579386490225
2025-02-17,0.000856237630625901
2025-02-18,0.0027226253855775536
2025-02-19,-0.004283985671508783
2025-02-20,-0.0016902740991690448
2025-02-21,-0.003682917528146798
2025-02-24,-0.005358579253543791
2025-02-25,-0.004564466248166878
2025-02-26,0.0007208767445356437
2025-02-27,-0.0028512440061807323
2025-02-28,-0.003123394979718256
2025-03-03,-0.0013789535198615865
2025-03-04,0.0013004631212167987
2025-03-05,0.0017079435221673267
2025-03-06,-0.004833706135649693
2025-03-07,0.0009190877477420968
2025-03-10,-0.004693397586965957
2025-03-11,0.004066375108256621
2025-03-12,0.0035537791382976493
2025-03-13,0.001027532579969898
2025-03-14,0.003678898662851156
2025-03-17,0.00043733794522459856
2025-03-18,-0.0008119308351203832
2025-03-19,-0.0008683079500133462
2025-03-20,-0.00011120529596298878
2025-03-21,0.001431319259517223
2025-03-24,0.0018208277452072125
2025-03-25,0.00036437610259438136
2025-03-26,-0.003517936215185877
2025-03-27,-0.0034780667911615687
2025-03-28,-0.0015282328500863841
2025-03-31,-0.004719672659720639
2025-04-01,0.0018049850468005117
2025-04-02,0.001354506589590512
2025-04-03,-0.0006588624031260842
2025-04-04,-0.0037366117588958775
2025-04-07,0.0011287443628201343
2025-04-08,0.004265374587058578
2025-04-09,3.091888969634915e-05
2025-04-10,0.004327057623114104
2025-04-11,-0.0016361350674565303
2025-04-14,0.0024728043113214776
2025-04-15,0.0018510145069557246
2025-04-16,-0.002247715244783694
2025-04-17,-0.0006400347614306924
2025-04-18,-0.0002952919739819476
2025-04-21,-0.0006237971136391976
2025-04-22,-0.0028837547247000314
2025-04-23,0.002669199339919638
2025-04-24,0.00417984910238603
2025-04-25,0.00405158078573593
2025-04-28,-0.0007429628213565347
2025-04-29,0.000703135189325679
2025-04-30,0.0014452452272291161
2025-05-01,0.0006899989885709376
2025-05-02,0.00319897002102925
2025-05-05,0.002672996484756005
2025-05-06,-0.005152078579413384
2025-05-07,0.0008900289315284995
2025-05-08,0.003465578135188097
2025-05-09,0.0030040479911376677
2025-05-12,0.0014655054316111832
2025-05-13,0.003117561597113884
2025-05-14,0.0034337381540829317
2025-05-15,-0.0025929807064550064
2025-05-16,-0.0004980761818830634
2025-05-19,-0.000731679333302695
2025-05-20,0.0018943895309875792
2025-05-21,-0.0014328844628560562
2025-05-22,-0.00029316543709749726
2025-05-23,0.0016781416833510183
2025-05-26,0.00209765873024414
2025-05-27,-0.0007847074354027234
2025-05-28,0.00048208324346875765
2025-05-29,0.0003415545479537774
2025-05-30,-0.00021508924711923915
2025-06-02,-0.0008594744474012183
2025-06-03,-6.281650562976228e-05
2025-06-04,0.0006798512012021699
2025-06-05,-0.00396419930707548
2025-06-06,0.0018649094005735566
2025-06-09,0.0030600674379456286
2025-06-10,0.0010269341388321144
2025-06-11,0.0033964402664557205
2025-06-12,-0.001078321759865929
2025-06-13,-0.00031075185021780735
2025-06-16,0.002775188484268252
2025-06-17,-0.0005388693473439843
2025-06-18,0.0014882623993169907
2025-06-19,-0.0012355210326511698
2025-06-20,-8.891788476079413e-05
2025-06-23,-0.001040211673870587
2025-06-24,0.002060680991181986
2025-06-25,0.0010905851379856856
2025-06-26,0.0021349897392182356
2025-06-27,-0.0027732876159756743
2025-06-30,0.001578034942788407
2025-07-01,-0.001417822459799361
2025-07-02,-0.0008744308299777105
2025-07-03,-0.0020359248612313273
2025-07-04,0.0009693491390501525
2025-07-07,0.00014591559060706145
2025-07-08,0.0023243668135403393
2025-07-09,-0.00020213146389960225
2025-07-10,0.0018682155266869069
2025-07-11,0.0003548117282710481
2025-07-14,0.0017241561814188918
2025-07-15,0.0005387031933969612
2025-07-16,0.0008668001410607777
2025-07-17,-0.0019595333215996296
2025-07-18,-0.0009020926546861115
2025-07-21,-0.0005665907456393832
2025-07-22,0.0005916618051599373
2025-07-23,0.002428076914162353
2025-07-24,-0.0018874513963657701
2025-07-25,0.0015972048064913668
2025-07-28,-0.0015056818086360343
2025-07-29,-0.007024698794638493
2025-07-30,0.0017110928048269922
2025-07-31,-0.0010225036774506847
2025-08-01,-0.0016411786511016588
2025-08-04,0.0021434992383450834
2025-08-05,0.002024219475748138
2025-08-06,-0.0007729241592676732
2025-08-07,-0.0027378992343411717
2025-08-08,-0.006577111717073365
2025-08-11,-0.0020383063697370575
2025-08-12,0.0032973115281097858
2025-08-13,0.0029679570741806254
2025-08-14,-0.0030828399261490875
2025-08-15,0.000746932467211192
2025-08-18,0.001032572740141987
2025-08-19,-0.004859761529691005
2025-08-20,-0.0028482042274604307
2025-08-21,0.0006271164804166726
2025-08-22,0.0019917440492915224
2025-08-25,0.001660086101674816
2025-08-26,0.001849705797378547
2025-08-27,-0.00031291775438825825
2025-08-28,0.0014997846121769468
2025-08-29,-0.00045874561443201914
2025-09-01,-0.0012341097424384156
2025-09-02,0.000615743625218575
2025-09-03,-0.00027928463691542
2025-09-04,0.0003938606663966889
2025-09-05,0.0031945579044405812
2025-09-08,0.0014535763390600958
2025-09-09,0.001648616099270645
2025-09-10,0.0024791358705695066
2025-09-11,0.00021810737762772633
2025-09-12,0.002887195130326021
2025-09-15,0.0014601746543750002
2025-09-16,0.002412150293743291
2025-09-17,-0.0008769943168152206
2025-09-18,0.005710702410522718
2025-09-19,0.0004263754914978525
2025-09-22,0.002807282590368944
2025-09-23,0.00038460931712040996
2025-09-24,-0.00128596442673359
2025-09-25,-0.0014684200164708072
2025-09-26,-0.00298321333824208
2025-09-29,0.0033932497966033277
2025-09-30,0.0010647664544612906
2025-10-01,0.00574728639417414
2025-10-02,0.0041589058369703915
2025-10-03,-0.0011160746747412365
2025-10-06,0.003927862447478746
2025-10-07,-0.002736296341148254
2025-10-08,0.0020899972583078704
2025-10-09,0.0009518085882784181
2025-10-10,-0.0022880191525381753
2025-10-13,0.0003749928811777187
2025-10-14,-0.00440908962520609
2025-10-15,0.0010776440184798695
2025-10-16,0.003855612699644112
2025-10-17,-0.003785631204507012
2025-10-20,0.003790413638611904
2025-10-21,-0.0009663740885865837
2025-10-22,-0.002320701984698175
2025-10-23,0.0020955908978585744
2025-10-24,0.0016299720602000693
2025-10-27,0.0018821441244201136
2025-10-28,-0.0006649136437042002
2025-10-29,0.01070065080195011
2025-10-30,-0.0020836570377416284
2025-10-31,0.0025429461682561823
2025-11-03,0.004303019420782785
2025-11-04,-0.00569116831571799
2025-11-05,0.00018691982774378044
2025-11-06,-1.3626943544762377e-05
2025-11-07,-0.0029313330967174313
2025-11-10,0.006095071358477602
2025-11-11,-0.003688708512476665
2025-11-12,-0.0005628892608945842
2025-11-13,-0.001472372240417772
2025-11-14,-0.0014646098438026388
2025-11-17,0.0016768895319552012
2025-11-18,-0.0016219206744899125
2025-11-19,-0.0014851473287210482
2025-11-20,-0.0021255010715570954
2025-11-21,-0.0046138477273482805
2025-11-24,0.002187188779412416
2025-11-25,0.002535415009471409
2025-11-26,0.001504851435464253
2025-11-27,0.0014045625748294465
2025-11-28,-0.0014699278358386685
2025-12-01,-0.0003833167690577236
2025-12-02,0.00015397054158843796
2025-12-03,0.0013675309692340624
2025-12-04,-4.598492977351187e-06
2025-12-05,0.0014053858023051597
2025-12-08,0.0016750281199994356
2025-12-09,0.0009923332841219419
2025-12-10,0.002529349715687173
2025-12-11,-0.00014440497364394628
2025-12-12,-0.0030080489437821142
2025-12-15,-0.0031757943257879977
2025-12-16,0.0001402944994011836
2025-12-17,-0.002267579842577496
2025-12-18,0.0018992882780934014
2025-12-19,0.0032236467725866736
2025-12-22,0.002090235574453144
2025-12-23,-0.0005850848586132044
2025-12-24,0.0010357782055168234
2025-12-25,-0.00010609075495009366
2025-12-26,-0.00011123546469958838
2025-12-29,-0.001108657289988789
2025-12-30,-0.00032530202401515117
2025-12-31,-0.0008490296830130986
2026-01-01,2.6205654237966357e-06
2026-01-02,0.0018934776952189087
2026-01-05,0.0027042778224735803
2026-01-06,0.005491241895292206
2026-01-07,0.0012615048448160202
2026-01-08,-0.004600719181376239
2026-01-09,-6.767841691737199e-05
2026-01-12,0.002476716920912603
2026-01-13,0.0036408162189039443
2026-01-14,0.0012485730925949892
2026-01-15,-0.0015462589852211325
2026-01-16,0.0015641124194300318
2026-01-19,0.0002504871823399823
2026-01-20,0.0002012358827736191
2026-01-21,0.0029531958008790007
2026-01-22,0.0024744155883638253
2026-01-23,0.0009762469209127324
2026-01-26,-0.0023182794495036
2026-01-27,0.0013830069916182953
2026-01-28,0.003935324112402656
2026-01-29,0.0001364353507053266
2026-01-30,-0.00633141880828922
2026-02-02,-0.000969930188430502
2026-02-03,0.001915431052080612
2026-02-04,-0.0034286530394798884
2026-02-05,-0.005334646824335149
2026-02-06,0.0030098083595425547
2026-02-09,0.0031738582690032397
2026-02-10,-0.0010584558598083788
2026-02-11,0.0019529722031734554
2026-02-12,-0.0008814143843335828
2026-02-13,0.0012999012562028194
2026-02-16,-0.00029970548856721917
2026-02-17,-0.0014907976613970678
2026-02-18,0.0023811575493822663
2026-02-19,0.0003387180352323444
2026-02-20,-0.00019154985275080492
2026-02-23,0.002329280091718053
2026-02-24,-0.0004792778167273474
2026-02-25,0.003431559873862582
2026-02-26,-0.0007846152589339375
2026-02-27,0.00011391051163526546
2026-03-02,-0.0009898230307397024
2026-03-03,-0.0022925617937763418
2026-03-04,0.0006071937554495144
2026-03-05,0.002111738492789159
2026-03-06,0.00037138895913868195
2026-03-09,-0.0014694856100612077
2026-03-10,0.0007333409575354163
2026-03-11,0.0010188961367819998
2026-03-12,-0.001181630037658695
2026-03-13,0.0012389458641697756
2026-03-16,0.00216179949010898
2026-03-17,-0.0015549556006141353
2026-03-18,0.0016563771961725648
2026-03-19,-0.0014538015380158604
2026-03-20,-0.0022764990649125315
2026-03-23,-0.0027740774096604442
2026-03-24,-0.002185531112535148
2026-03-25,0.00021373562111968655
2026-03-26,-0.0039604241691927715
2026-03-27,-0.0010365633093776146
2026-03-30,-0.004416401055062132
2026-03-31,0.0021900939794059215
2026-04-01,0.007264389073603869
2026-04-02,-0.0007137430279208169
2026-04-03,0.0005732524057743809
2026-04-06,0.0004439335530213315
2026-04-07,0.00035387551838168396
2026-04-08,0.0020738911885232747
2026-04-09,-0.0025156852830478327
2026-04-10,-0.00047731057286316846
2026-04-13,0.0011877893352895217
2026-04-14,0.004562086262062157
2026-04-15,0.0002675692356607622
2026-04-16,0.0014366724631410313
2026-04-17,-0.0006009929886293831
2026-04-20,-0.0010716221263193295
2026-04-21,0.0005319182621844618
2026-04-22,0.003572137287574332
2026-04-23,-0.0032366045009200725
2026-04-24,0.0017456166535043238
2026-04-27,0.0029734385738883337
2026-04-28,-0.0034943223157956928
2026-04-29,-0.002636357001855839
2026-04-30,0.0008350151233823266
2026-05-01,0.003167821839704271
2026-05-04,0.003842729487664747
2026-05-05,0.0020454461527326852
2026-05-06,0.0010703535417419946
2026-05-07,0.000687245213724054
2026-05-08,0.003736462899812441
2026-05-11,0.0033545443263219093
2026-05-12,-0.0018919463194714313
2026-05-13,0.0012902696359897142
2026-05-14,-0.0031404064377523163
2026-05-15,-0.0035364192822535147
2026-05-18,-0.004881331626008423
2026-05-19,0.0007945165743898207
2026-05-20,0.001483547204631088
2026-05-21,0.005281726446985802
2026-05-22,0.0004908503467868038
2026-05-25,0.0004991623732824952
2026-05-26,0.00676878703871874
2026-05-27,0.004057207873614535
2026-05-28,0.0008780737756957447
2026-05-29,0.00642484032859764
2026-06-01,0.0055418686850840625
2026-06-02,-0.0035556450988110323
2026-06-03,0.0009322614482397953
2026-06-04,-0.00411038808585781
2026-06-05,-0.00771477656325989
2026-06-08,0.0035071889318008336
2026-06-09,-0.0012566456293533863
2026-06-10,-0.003283944687614289
2026-06-11,0.004362984644442503
2026-06-12,0.0002998353260472448
2026-06-15,0.00913451390845324
2026-06-16,-0.0029408120988277378
2026-06-17,0.0018701898351907815
2026-06-18,0.0031398271016224964
2026-06-19,0.0006911761554460097
2026-06-22,0.0036849759321186913
2026-06-23,-0.005320160636808024
2026-06-24,-0.0005981677342811163
2026-06-25,0.008217873561500026
2026-06-26,-0.002849801665588734
2026-06-29,0.00038232045563229775
2026-06-30,-0.002384980931793729
2026-07-01,-0.0007690653366954989
2026-07-02,-0.005957894805614372
2026-07-03,0.0004995479281402126
2026-07-06,0.00030055697004522687
2026-07-07,-0.00015842728343023853
2026-07-08,-0.0011983251855004493
2026-07-09,0.0031072683661742574
2026-07-10,-0.0016829409751526238
2026-07-13,-0.002173104392823059
2026-07-14,0.0011911081210162298
2026-07-15,-0.00218237253431656
2026-07-16,-0.003849502202190911
2026-07-17,-0.0005702148415964239
2026-07-20,0.001554049649546546
2026-07-21,0.0049586602303441675
2026-07-22,-0.002170856589662927
2026-07-23,0.0046787567374491305
2026-07-24,-0.003838827236182737
2026-07-27,0.0012386839045184026
2026-07-28,-0.005325064142084868
2026-07-29,-0.00028182672436246475
2026-07-30,0.0017807345905365129
